source_id,repository,commit,path,blob_sha256,license_spdx,component_type,semantic_symbols,roles_storage_invariants,economic_signature_lifecycle,disposition,disposition_reason,target_pallet,target_native_surface,rust_sdk_surface,typescript_sdk_surface,reference_app_owner,semantic_evidence,approval_state,symbol_disposition_state,approval_manifest_schema_version,approval_manifest_path,approval_manifest_sha256,deployment_state_input,compatibility_or_data_migration
attestation-protocol:evm/contracts/AttestationService.sol,https://github.com/paritytech/attestation-protocol.git,223955deac7298d8b674ede3772c44f4d664d4db,evm/contracts/AttestationService.sol,93c92ced3f67a7b792c02480d15154f2e061ec8565eb158cc22e2160e2067e6f,GPL-3.0-only,contract,function:_attest;function:_callResolverOnAttest;function:_callResolverOnRevoke;function:_mergeIDs;function:_revoke;function:_revokeOffchain;function:_timestamp;function:attest;function:attestByDelegation;function:constructor;function:getAttestationById;function:getAttestationByIds;function:getRevokeOffchain;function:getSchemaRegistry;function:getTimestamp;function:isActive;function:isAttestationValid;function:multiAttest;function:multiAttestByDelegation;function:multiRevoke;function:multiRevokeByDelegation;function:multiRevokeOffchain;function:multiTimestamp;function:revoke;function:revokeByDelegation;function:revokeOffchain;function:timestamp;state:_attestations;state:_revocationsOffchain;state:_schemaRegistry;state:_timestamps;state:attestationCount,"declares attestationCount, _attestations, _timestamps, _revocationsOffchain and immutable _schemaRegistry; non-unique IDs use ++attestationCount while unique-schema IDs use keccak256(attester, recipient, schema)",attest can create/overwrite unique slots; revoke mutates revocationTime; overwrite resets time/expiration/revocation/data; timestamp and off-chain-revocation mappings are separately mutable,intentional-change,split attestation/schema/index semantics into bounded native state while retiring callbacks/timestamps and changing batches/IDs,Attestation,Attestation calls/runtime APIs/events/errors,attestation,attestation,attestation-owner,immutable-source:223955deac7298d8b674ede3772c44f4d664d4db:evm/contracts/AttestationService.sol,manifest:APPROVED,"mixed:intentional-change,retired",1,docs/evidence/p0-contract-native/architect-semantic-disposition-approval.json,96cd0595fbc89fcd847ee58dd8427aa59bd008c8639b8f82d9bf4d6095b3b5ae,none,forbidden-clean-genesis
attestation-protocol:evm/contracts/EIP712Verifier.sol,https://github.com/paritytech/attestation-protocol.git,223955deac7298d8b674ede3772c44f4d664d4db,evm/contracts/EIP712Verifier.sol,ebe2e9a89538324483e805683519282c2eaf92797cb5cc77b468e42b82ceca37,GPL-3.0-only,contract,error:EIP712Verifier__DeadlineExpired;error:EIP712Verifier__InvalidNonce;error:EIP712Verifier__InvalidSignature;event:NonceIncreased;function:_time;function:_verifyAttest;function:_verifyRevoke;function:constructor;function:getAttestTypeHash;function:getDomainSeparator;function:getName;function:getNonce;function:getRevokeTypeHash;function:increaseNonce;state:ATTEST_TYPEHASH;state:REVOKE_TYPEHASH;state:_nonces,"declared contract state: ATTEST_TYPEHASH, REVOKE_TYPEHASH, _nonces; declarations functions=10, events=1, errors=3, structs=0, fields=0; no *_ROLE constant declared","source token evidence: signature/nonce/deadline=deadline,nonce,signature; time/expiry/revoke=expiration,revoke,timestamp",intentional-change,replace EIP-712 domain with signed SCALE intent and explicit nonce/deadline,Attestation+MetaTx,native delegated-attestation call and intent verifier,attestation.submitDelegated,attestation.submitDelegated,attestation-owner,immutable-source:223955deac7298d8b674ede3772c44f4d664d4db:evm/contracts/EIP712Verifier.sol,manifest:APPROVED,all:intentional-change,1,docs/evidence/p0-contract-native/architect-semantic-disposition-approval.json,96cd0595fbc89fcd847ee58dd8427aa59bd008c8639b8f82d9bf4d6095b3b5ae,none,forbidden-clean-genesis
attestation-protocol:evm/contracts/RecipientAndAttesterIndexResolver.sol,https://github.com/paritytech/attestation-protocol.git,223955deac7298d8b674ede3772c44f4d664d4db,evm/contracts/RecipientAndAttesterIndexResolver.sol,6e0d45a128cc4dd0e4968e03b70dc00b5b4220bb6e1461bd6525cca408ee80ce,GPL-3.0-only,contract,error:RecipientAndAttesterIndexResolver__AccessDenied;error:RecipientAndAttesterIndexResolver__InvalidService;error:RecipientAndAttesterIndexResolver__PageSizeTooLarge;function:_compositeKey;function:_page;function:constructor;function:countByAttester;function:countByRecipientAndSchema;function:getService;function:isActiveAny;function:listByAttester;function:listByRecipientAndSchema;function:onAttest;function:onRevoke;modifier:onlyService;state:MAX_PAGE_SIZE;state:_attestationsByAttester;state:_attestationsByRecipientAndSchema;state:_service,"declared contract state: MAX_PAGE_SIZE, _attestationsByAttester, _attestationsByRecipientAndSchema, _service; declarations functions=11, events=0, errors=3, structs=0, fields=0; no *_ROLE constant declared",source token evidence: time/expiry/revoke=revoke,intentional-change,split attestation/schema/index semantics into bounded native state while retiring callbacks/timestamps and changing batches/IDs,Attestation,Attestation calls/runtime APIs/events/errors,attestation,attestation,attestation-owner,immutable-source:223955deac7298d8b674ede3772c44f4d664d4db:evm/contracts/RecipientAndAttesterIndexResolver.sol,manifest:APPROVED,all:intentional-change,1,docs/evidence/p0-contract-native/architect-semantic-disposition-approval.json,96cd0595fbc89fcd847ee58dd8427aa59bd008c8639b8f82d9bf4d6095b3b5ae,none,forbidden-clean-genesis
attestation-protocol:evm/contracts/SchemaRegistry.sol,https://github.com/paritytech/attestation-protocol.git,223955deac7298d8b674ede3772c44f4d664d4db,evm/contracts/SchemaRegistry.sol,f39432c28ed5b1ddc17a1b001a6ebd1e69dddda28822136924f90f3f1fe7bf91,GPL-3.0-only,contract,function:getSchema;function:register;function:schemaCount;state:_count;state:_schemas,"declares mutable _count and _schemas; register assigns id = ++_count and stores registerer, resolver, revocable, unique and schema fields",register is append-only by incrementing counter; source exposes getSchema and schemaCount,intentional-change,split attestation/schema/index semantics into bounded native state while retiring callbacks/timestamps and changing batches/IDs,Attestation,Attestation calls/runtime APIs/events/errors,attestation,attestation,attestation-owner,immutable-source:223955deac7298d8b674ede3772c44f4d664d4db:evm/contracts/SchemaRegistry.sol,manifest:APPROVED,all:intentional-change,1,docs/evidence/p0-contract-native/architect-semantic-disposition-approval.json,96cd0595fbc89fcd847ee58dd8427aa59bd008c8639b8f82d9bf4d6095b3b5ae,none,forbidden-clean-genesis
attestation-protocol:evm/contracts/Semver.sol,https://github.com/paritytech/attestation-protocol.git,223955deac7298d8b674ede3772c44f4d664d4db,evm/contracts/Semver.sol,01fb89fed51c1c066fc1c5c28ed8dcecd8c6338730bc8ccb06e63d0c6d5e0c17,GPL-3.0-only,contract,function:constructor;function:version;state:_major;state:_minor;state:_patch,"declared contract state: _major, _minor, _patch; declarations functions=2, events=0, errors=0, structs=0, fields=0; no *_ROLE constant declared",source token evidence: none of the audited lifecycle/economic token groups,intentional-change,use runtime spec/transaction/schema versions rather than contract semver,System,runtime version and SDK version matrix,system.version,system.version,attestation-owner,immutable-source:223955deac7298d8b674ede3772c44f4d664d4db:evm/contracts/Semver.sol,manifest:APPROVED,all:intentional-change,1,docs/evidence/p0-contract-native/architect-semantic-disposition-approval.json,96cd0595fbc89fcd847ee58dd8427aa59bd008c8639b8f82d9bf4d6095b3b5ae,none,forbidden-clean-genesis
attestation-protocol:evm/contracts/interfaces/IAttestationResolver.sol,https://github.com/paritytech/attestation-protocol.git,223955deac7298d8b674ede3772c44f4d664d4db,evm/contracts/interfaces/IAttestationResolver.sol,ffcd0a745cf986bc099a530cb2092e5b327387cfc6e3ebe3c9547052ec4be064,GPL-3.0-only,interface,function:onAttest;function:onRevoke,"no contract state variables declared; declarations functions=2, events=0, errors=0, structs=0, fields=0; no *_ROLE constant declared",source token evidence: time/expiry/revoke=revoke,intentional-change,split attestation/schema/index semantics into bounded native state while retiring callbacks/timestamps and changing batches/IDs,Attestation,Attestation calls/runtime APIs/events/errors,attestation,attestation,attestation-owner,immutable-source:223955deac7298d8b674ede3772c44f4d664d4db:evm/contracts/interfaces/IAttestationResolver.sol,manifest:APPROVED,all:intentional-change,1,docs/evidence/p0-contract-native/architect-semantic-disposition-approval.json,96cd0595fbc89fcd847ee58dd8427aa59bd008c8639b8f82d9bf4d6095b3b5ae,none,forbidden-clean-genesis
attestation-protocol:evm/contracts/interfaces/IAttestationService.sol,https://github.com/paritytech/attestation-protocol.git,223955deac7298d8b674ede3772c44f4d664d4db,evm/contracts/interfaces/IAttestationService.sol,28988fa5fc49510b8075582eb78180ee71ff53ce70fdc363b83c1b1bb2d8e293,GPL-3.0-only,interface,error:AttestationService__AccessDenied;error:AttestationService__AlreadyRevoked;error:AttestationService__AlreadyRevokedOffchain;error:AttestationService__AlreadyTimestamped;error:AttestationService__InvalidExpirationTime;error:AttestationService__InvalidLength;error:AttestationService__InvalidRegistry;error:AttestationService__InvalidSchema;error:AttestationService__Irrevocable;error:AttestationService__NotFound;error:AttestationService__ResolverRejected;error:AttestationService__RevocableMismatch;error:AttestationService__WrongSchema;event:Attested;event:Revoked;event:RevokedOffchain;event:Timestamped;field:Attestation.attester;field:Attestation.data;field:Attestation.expirationTime;field:Attestation.id;field:Attestation.recipient;field:Attestation.refId;field:Attestation.revocable;field:Attestation.revocationTime;field:Attestation.schema;field:Attestation.time;field:AttestationRequest.data;field:AttestationRequest.schema;field:AttestationRequestData.data;field:AttestationRequestData.expirationTime;field:AttestationRequestData.recipient;field:AttestationRequestData.refId;field:AttestationRequestData.revocable;field:DelegatedAttestationRequest.attester;field:DelegatedAttestationRequest.data;field:DelegatedAttestationRequest.deadline;field:DelegatedAttestationRequest.schema;field:DelegatedAttestationRequest.signature;field:DelegatedRevocationRequest.data;field:DelegatedRevocationRequest.deadline;field:DelegatedRevocationRequest.revoker;field:DelegatedRevocationRequest.schema;field:DelegatedRevocationRequest.signature;field:MultiAttestationRequest.data;field:MultiAttestationRequest.schema;field:MultiDelegatedAttestationRequest.attester;field:MultiDelegatedAttestationRequest.data;field:MultiDelegatedAttestationRequest.deadline;field:MultiDelegatedAttestationRequest.schema;field:MultiDelegatedAttestationRequest.signatures;field:MultiDelegatedRevocationRequest.data;field:MultiDelegatedRevocationRequest.deadline;field:MultiDelegatedRevocationRequest.revoker;field:MultiDelegatedRevocationRequest.schema;field:MultiDelegatedRevocationRequest.signatures;field:MultiRevocationRequest.data;field:MultiRevocationRequest.schema;field:RevocationRequest.data;field:RevocationRequest.schema;field:RevocationRequestData.id;field:Signature.r;field:Signature.s;field:Signature.v;function:attest;function:attestByDelegation;function:attestationCount;function:getAttestationById;function:getAttestationByIds;function:getRevokeOffchain;function:getSchemaRegistry;function:getTimestamp;function:isActive;function:isAttestationValid;function:multiAttest;function:multiAttestByDelegation;function:multiRevoke;function:multiRevokeByDelegation;function:multiRevokeOffchain;function:multiTimestamp;function:revoke;function:revokeByDelegation;function:revokeOffchain;function:timestamp;struct:Attestation;struct:AttestationRequest;struct:AttestationRequestData;struct:DelegatedAttestationRequest;struct:DelegatedRevocationRequest;struct:MultiAttestationRequest;struct:MultiDelegatedAttestationRequest;struct:MultiDelegatedRevocationRequest;struct:MultiRevocationRequest;struct:RevocationRequest;struct:RevocationRequestData;struct:Signature,"no contract state variables declared; declarations functions=20, events=4, errors=13, structs=12, fields=47; no *_ROLE constant declared","source token evidence: signature/nonce/deadline=deadline,signature; time/expiry/revoke=expiration,revoke,timestamp; batch/multi=multi",intentional-change,split attestation/schema/index semantics into bounded native state while retiring callbacks/timestamps and changing batches/IDs,Attestation,Attestation calls/runtime APIs/events/errors,attestation,attestation,attestation-owner,immutable-source:223955deac7298d8b674ede3772c44f4d664d4db:evm/contracts/interfaces/IAttestationService.sol,manifest:APPROVED,"mixed:intentional-change,retired",1,docs/evidence/p0-contract-native/architect-semantic-disposition-approval.json,96cd0595fbc89fcd847ee58dd8427aa59bd008c8639b8f82d9bf4d6095b3b5ae,none,forbidden-clean-genesis
attestation-protocol:evm/contracts/interfaces/ISchemaRegistry.sol,https://github.com/paritytech/attestation-protocol.git,223955deac7298d8b674ede3772c44f4d664d4db,evm/contracts/interfaces/ISchemaRegistry.sol,34876474a31ad61e6b8d576cee12a0f1932668a9fd27631216b0710f90c0b4ad,GPL-3.0-only,interface,error:SchemaRegistry__EmptySchema;error:SchemaRegistry__SchemaNotFound;event:Registered;field:SchemaRecord.id;field:SchemaRecord.registerer;field:SchemaRecord.resolver;field:SchemaRecord.revocable;field:SchemaRecord.schema;field:SchemaRecord.unique;function:getSchema;function:register;function:schemaCount;struct:SchemaRecord,"no contract state variables declared; declarations functions=3, events=1, errors=2, structs=1, fields=6; no *_ROLE constant declared",source token evidence: none of the audited lifecycle/economic token groups,intentional-change,split attestation/schema/index semantics into bounded native state while retiring callbacks/timestamps and changing batches/IDs,Attestation,Attestation calls/runtime APIs/events/errors,attestation,attestation,attestation-owner,immutable-source:223955deac7298d8b674ede3772c44f4d664d4db:evm/contracts/interfaces/ISchemaRegistry.sol,manifest:APPROVED,all:intentional-change,1,docs/evidence/p0-contract-native/architect-semantic-disposition-approval.json,96cd0595fbc89fcd847ee58dd8427aa59bd008c8639b8f82d9bf4d6095b3b5ae,none,forbidden-clean-genesis
attestation-protocol:evm/contracts/interfaces/ISemver.sol,https://github.com/paritytech/attestation-protocol.git,223955deac7298d8b674ede3772c44f4d664d4db,evm/contracts/interfaces/ISemver.sol,ce80d79615beb4b21f794a1b559939cab8ac9dd49a690e9109a56f7958caa5f9,GPL-3.0-only,interface,function:version,"no contract state variables declared; declarations functions=1, events=0, errors=0, structs=0, fields=0; no *_ROLE constant declared",source token evidence: none of the audited lifecycle/economic token groups,intentional-change,use runtime spec/transaction/schema versions rather than contract semver,System,runtime version and SDK version matrix,system.version,system.version,attestation-owner,immutable-source:223955deac7298d8b674ede3772c44f4d664d4db:evm/contracts/interfaces/ISemver.sol,manifest:APPROVED,all:intentional-change,1,docs/evidence/p0-contract-native/architect-semantic-disposition-approval.json,96cd0595fbc89fcd847ee58dd8427aa59bd008c8639b8f82d9bf4d6095b3b5ae,none,forbidden-clean-genesis
attestation-protocol:evm/test/AttestationService.t.sol,https://github.com/paritytech/attestation-protocol.git,223955deac7298d8b674ede3772c44f4d664d4db,evm/test/AttestationService.t.sol,79843edd40ae5dcbc00758990e906d1771bf5a800b3fd0bdeae63114a6dc5bfa,GPL-3.0-only,fixture,function:_attest;function:setUp;function:test_attest_basic;function:test_attest_emitsEvent;function:test_attest_incrementsCounter;function:test_attest_revertsOnInvalidRefId;function:test_attest_revertsOnInvalidSchema;function:test_attest_revertsOnPastExpiration;function:test_attest_revertsOnRevocableAgainstIrrevocableSchema;function:test_attest_withExpiration;function:test_attest_withRefId;function:test_constructor_revertsOnZeroRegistry;function:test_constructor_setsRegistry;function:test_getAttestationByIds;function:test_isActive_falseAfterExpiration;function:test_isActive_falseAfterRevocation;function:test_isActive_trueForFreshAttestation;function:test_isAttestationValid;function:test_multiAttest;function:test_multiRevoke;function:test_multiTimestamp;function:test_nonUnique_allowsDuplicates;function:test_revokeOffchain;function:test_revokeOffchain_revertsOnDuplicate;function:test_revoke_basic;function:test_revoke_emitsEvent;function:test_revoke_revertsOnAlreadyRevoked;function:test_revoke_revertsOnIrrevocable;function:test_revoke_revertsOnWrongAttester;function:test_revoke_revertsOnWrongSchema;function:test_timestamp;function:test_timestamp_revertsOnDuplicate;function:test_unique_deterministicId;function:test_unique_differentAttesterAllowed;function:test_unique_overwriteEmitsAttested;function:test_unique_overwriteRevertsOnRevocableChange;function:test_unique_overwritesPrevious;function:test_unique_reattestAfterRevoke;state:alice;state:bob;state:carol;state:registry;state:schemaId;state:service,"test/deployment fixture declarations: functions=38, events=0, errors=0",fixture path is evidence only; source deployment/test execution is not authoritative network state,not-applicable,immutable semantic/test evidence only,none,evidence vector only,none,none,migration-domain-owner,immutable-source:223955deac7298d8b674ede3772c44f4d664d4db:evm/test/AttestationService.t.sol,manifest:APPROVED,all:not-applicable,1,docs/evidence/p0-contract-native/architect-semantic-disposition-approval.json,96cd0595fbc89fcd847ee58dd8427aa59bd008c8639b8f82d9bf4d6095b3b5ae,none,forbidden-clean-genesis
attestation-protocol:evm/test/AttestationServiceDelegation.t.sol,https://github.com/paritytech/attestation-protocol.git,223955deac7298d8b674ede3772c44f4d664d4db,evm/test/AttestationServiceDelegation.t.sol,994bc9c5926d1a919531b0826207b5c3d8515a5302b671c05734e42a7a9c0a61,GPL-3.0-only,fixture,function:_buildAttestData;function:_signAttest;function:_signRevoke;function:constructor;function:isValidSignature;function:setUp;function:test_attestByDelegation_erc1271Wallet;function:test_attestByDelegation_happyPath;function:test_attestByDelegation_noExpirationDeadlineAccepted;function:test_attestByDelegation_pastDeadlineReverts;function:test_attestByDelegation_replayReverts;function:test_attestByDelegation_wrongAttesterAddressReverts;function:test_attestByDelegation_wrongSignerReverts;function:test_attestTypeHash_matchesLiteral;function:test_increaseNonce_happyPath;function:test_increaseNonce_invalidatesPriorSignature;function:test_increaseNonce_revertsOnEqual;function:test_increaseNonce_revertsOnLower;function:test_multiAttestByDelegation_happyPath;function:test_multiAttestByDelegation_lengthMismatchReverts;function:test_multiRevokeByDelegation_happyPath;function:test_multiRevokeByDelegation_lengthMismatchReverts;function:test_revokeByDelegation_happyPath;function:test_revokeTypeHash_matchesLiteral;state:ATTESTER_PK;state:ATTEST_TYPEHASH;state:OTHER_PK;state:REVOKE_TYPEHASH;state:attester;state:other;state:recipient;state:registry;state:relayer;state:schemaId;state:service;state:signer,"test/deployment fixture declarations: functions=24, events=0, errors=0",fixture path is evidence only; source deployment/test execution is not authoritative network state,not-applicable,immutable semantic/test evidence only,none,evidence vector only,none,none,migration-domain-owner,immutable-source:223955deac7298d8b674ede3772c44f4d664d4db:evm/test/AttestationServiceDelegation.t.sol,manifest:APPROVED,all:not-applicable,1,docs/evidence/p0-contract-native/architect-semantic-disposition-approval.json,96cd0595fbc89fcd847ee58dd8427aa59bd008c8639b8f82d9bf4d6095b3b5ae,none,forbidden-clean-genesis
attestation-protocol:evm/test/RecipientAndAttesterIndexResolver.t.sol,https://github.com/paritytech/attestation-protocol.git,223955deac7298d8b674ede3772c44f4d664d4db,evm/test/RecipientAndAttesterIndexResolver.t.sol,6ca911a970efb68756a8cf9a4956efc858d7cb492d9080282edd9a30a420bebf,GPL-3.0-only,fixture,function:_attest;function:setUp;function:test_attestPopulatesBothCollections;function:test_constructor_revertsOnZeroService;function:test_constructor_setsService;function:test_isActiveAny_falseAfterRevoke;function:test_isActiveAny_falseWhenNoMatch;function:test_isActiveAny_trueWhenAttesterMatches;function:test_listByAttester_pagination;function:test_listByAttester_revertsOnLargePageSize;function:test_listByRecipientAndSchema_pagination;function:test_listByRecipientAndSchema_revertsOnLargePageSize;function:test_onAttest_revertsWhenCalledByNonService;function:test_onRevoke_revertsWhenCalledByNonService;function:test_revokeRemovesFromBothCollections;function:test_schemaWithoutResolver_noCollectionWrites;function:test_uniqueSchemaOverwrite_doesNotDoubleCount;function:test_uniqueSchemaReattestAfterRevoke_readdsToCollections;state:alice;state:bob;state:carol;state:registry;state:resolver;state:schemaId;state:service,"test/deployment fixture declarations: functions=18, events=0, errors=0",fixture path is evidence only; source deployment/test execution is not authoritative network state,not-applicable,immutable semantic/test evidence only,none,evidence vector only,none,none,migration-domain-owner,immutable-source:223955deac7298d8b674ede3772c44f4d664d4db:evm/test/RecipientAndAttesterIndexResolver.t.sol,manifest:APPROVED,all:not-applicable,1,docs/evidence/p0-contract-native/architect-semantic-disposition-approval.json,96cd0595fbc89fcd847ee58dd8427aa59bd008c8639b8f82d9bf4d6095b3b5ae,none,forbidden-clean-genesis
attestation-protocol:evm/test/SchemaRegistry.t.sol,https://github.com/paritytech/attestation-protocol.git,223955deac7298d8b674ede3772c44f4d664d4db,evm/test/SchemaRegistry.t.sol,b8649ca2f25d3922381ab1104e937f1101285d8d547b9d933fb65142c599d896,GPL-3.0-only,fixture,function:setUp;function:test_getSchema_returnsEmpty_forNonExistent;function:test_register_basic;function:test_register_emitsEvent;function:test_register_incrementsCounter;function:test_register_nonRevocable;function:test_register_revertsOnEmptySchema;function:test_schemaCount_startsAtZero;state:alice;state:registry,"test/deployment fixture declarations: functions=8, events=0, errors=0",fixture path is evidence only; source deployment/test execution is not authoritative network state,not-applicable,immutable semantic/test evidence only,none,evidence vector only,none,none,migration-domain-owner,immutable-source:223955deac7298d8b674ede3772c44f4d664d4db:evm/test/SchemaRegistry.t.sol,manifest:APPROVED,all:not-applicable,1,docs/evidence/p0-contract-native/architect-semantic-disposition-approval.json,96cd0595fbc89fcd847ee58dd8427aa59bd008c8639b8f82d9bf4d6095b3b5ae,none,forbidden-clean-genesis
browse:evm/src/Publisher.sol,https://github.com/paritytech/browse.git,1054df0f0e89f4686c2f8a484a3ed1502ea4e571,evm/src/Publisher.sol,d4b9641a466754e83d1da1534b1e3e1e449de3b227e565e73b3b86cb6f6653a4,GPL-3.0-only,contract,field:PublishWindow.t0;field:PublishWindow.t1;field:PublishWindow.t2;field:PublishWindow.t3;field:PublishWindow.t4;function:_checkAndRecordRate;function:_requireOwnedLabel;function:constructor;function:getPublished;function:getPublishedAt;function:isPublished;function:publicationOf;function:publish;function:publishedCount;function:unpublish;state:DOT_NODE;state:FULL_DAILY_LIMIT;state:LITE_DAILY_LIMIT;state:PERSONHOOD;state:PERSONHOOD_CONTEXT;state:RATE_WINDOW;state:_publications;state:_published;state:_windows;state:registrar;struct:PublishWindow,"publication list/maps are keyed by DotNS labelhash; publish checks current registrar ownership, owner bypass, personhood tier and rolling timestamp window; unpublish uses swap-remove",publish/republish mutate publisher/timestamp; unpublish deletes record; enumeration and block timestamps are source behavior; no Attestation call is declared,not-applicable,Browse publication registry is reference-only pending explicit capability admission; no Attestation or invented pallet mapping,none,evidence vector only,none,none,browse-owner,immutable-source:1054df0f0e89f4686c2f8a484a3ed1502ea4e571:evm/src/Publisher.sol,manifest:APPROVED,all:not-applicable,1,docs/evidence/p0-contract-native/architect-semantic-disposition-approval.json,96cd0595fbc89fcd847ee58dd8427aa59bd008c8639b8f82d9bf4d6095b3b5ae,none,forbidden-clean-genesis
browse:evm/src/RecipientAndAttesterIndexResolver.sol,https://github.com/paritytech/browse.git,1054df0f0e89f4686c2f8a484a3ed1502ea4e571,evm/src/RecipientAndAttesterIndexResolver.sol,d45bad9647dfc1acaaba362b5e2bdeb9ea09faecd9565119d650126b4779361d,GPL-3.0-only,contract,error:RecipientAndAttesterIndexResolver__AccessDenied;error:RecipientAndAttesterIndexResolver__InvalidIdentitySignature;error:RecipientAndAttesterIndexResolver__InvalidService;error:RecipientAndAttesterIndexResolver__PageSizeTooLarge;event:IdentityAccountBound;function:_bindingMessage;function:_compositeKey;function:_page;function:_toFixedSignature;function:_wrapBytes;function:bindIdentity;function:boundIdentity;function:constructor;function:countByAttester;function:countByRecipientAndSchema;function:getService;function:identityHasAttested;function:isActiveAny;function:listByAttester;function:listByRecipientAndSchema;function:onAttest;function:onRevoke;modifier:onlyService;state:MAX_PAGE_SIZE;state:MESSAGE_PREFIX;state:SYSTEM;state:_attestationsByAttester;state:_attestationsByRecipientAndSchema;state:_boundIdentity;state:_identityAttested;state:_identityByAttestation;state:_service,"declared contract state: MAX_PAGE_SIZE, MESSAGE_PREFIX, SYSTEM, _attestationsByAttester, _attestationsByRecipientAndSchema, _boundIdentity, _identityAttested, _identityByAttestation, _service; declarations functions=17, events=1, errors=4, structs=0, fields=0; no *_ROLE constant declared",source token evidence: signature/nonce/deadline=signature; time/expiry/revoke=revoke,intentional-change,split attestation/schema/index semantics into bounded native state while retiring callbacks/timestamps and changing batches/IDs,Attestation,Attestation calls/runtime APIs/events/errors,attestation,attestation,attestation-owner,immutable-source:1054df0f0e89f4686c2f8a484a3ed1502ea4e571:evm/src/RecipientAndAttesterIndexResolver.sol,manifest:APPROVED,all:intentional-change,1,docs/evidence/p0-contract-native/architect-semantic-disposition-approval.json,96cd0595fbc89fcd847ee58dd8427aa59bd008c8639b8f82d9bf4d6095b3b5ae,none,forbidden-clean-genesis
browse:evm/src/Semver.sol,https://github.com/paritytech/browse.git,1054df0f0e89f4686c2f8a484a3ed1502ea4e571,evm/src/Semver.sol,4b53ffac5fe05f53877288fafe5915ddbe431fe9a5cafceb933a8659bf733bc5,GPL-3.0-only,contract,function:constructor;function:version;state:_major;state:_minor;state:_patch,"declares constructor-fixed immutable _major, _minor and _patch state",version reads immutable numeric components and formats a string; no mutation or upgrade function is declared,intentional-change,use runtime spec/transaction/schema versions rather than contract semver,System,runtime version and SDK version matrix,system.version,system.version,attestation-owner,immutable-source:1054df0f0e89f4686c2f8a484a3ed1502ea4e571:evm/src/Semver.sol,manifest:APPROVED,all:intentional-change,1,docs/evidence/p0-contract-native/architect-semantic-disposition-approval.json,96cd0595fbc89fcd847ee58dd8427aa59bd008c8639b8f82d9bf4d6095b3b5ae,none,forbidden-clean-genesis
browse:evm/src/TrustedAttesterIndexResolver.sol,https://github.com/paritytech/browse.git,1054df0f0e89f4686c2f8a484a3ed1502ea4e571,evm/src/TrustedAttesterIndexResolver.sol,551dbac17ff06cf18e009601ff3159818dc720d1ced4fd5d2a0742714e5f04c4,GPL-3.0-only,contract,error:TrustedAttesterIndexResolver__AccessDenied;error:TrustedAttesterIndexResolver__InvalidAttester;error:TrustedAttesterIndexResolver__InvalidService;error:TrustedAttesterIndexResolver__PageSizeTooLarge;function:constructor;function:countBySchema;function:getService;function:isActive;function:listBySchema;function:onAttest;function:onRevoke;function:trustedAttester;modifier:onlyService;state:MAX_PAGE_SIZE;state:_attestedBySchema;state:_service;state:_trustedAttester,constructor fixes immutable _service and sole immutable _trustedAttester; mutable _attestedBySchema indexes recipients by schema,"onAttest accepts only that fixed attester; onRevoke removes recipients; isActive derives keccak256(trustedAttester, recipient, schema); pagination limit constant is 100",intentional-change,split attestation/schema/index semantics into bounded native state while retiring callbacks/timestamps and changing batches/IDs,Attestation,Attestation calls/runtime APIs/events/errors,attestation,attestation,attestation-owner,immutable-source:1054df0f0e89f4686c2f8a484a3ed1502ea4e571:evm/src/TrustedAttesterIndexResolver.sol,manifest:APPROVED,all:intentional-change,1,docs/evidence/p0-contract-native/architect-semantic-disposition-approval.json,96cd0595fbc89fcd847ee58dd8427aa59bd008c8639b8f82d9bf4d6095b3b5ae,none,forbidden-clean-genesis
browse:evm/src/interfaces/IAttestationResolver.sol,https://github.com/paritytech/browse.git,1054df0f0e89f4686c2f8a484a3ed1502ea4e571,evm/src/interfaces/IAttestationResolver.sol,66ba9cc4075ba44db4bf39ba3d600a6725b5df89cb592973469b18cf8f25eff5,GPL-3.0-only,interface,function:onAttest;function:onRevoke,"no contract state variables declared; declarations functions=2, events=0, errors=0, structs=0, fields=0; no *_ROLE constant declared",source token evidence: time/expiry/revoke=revoke,intentional-change,split attestation/schema/index semantics into bounded native state while retiring callbacks/timestamps and changing batches/IDs,Attestation,Attestation calls/runtime APIs/events/errors,attestation,attestation,attestation-owner,immutable-source:1054df0f0e89f4686c2f8a484a3ed1502ea4e571:evm/src/interfaces/IAttestationResolver.sol,manifest:APPROVED,all:intentional-change,1,docs/evidence/p0-contract-native/architect-semantic-disposition-approval.json,96cd0595fbc89fcd847ee58dd8427aa59bd008c8639b8f82d9bf4d6095b3b5ae,none,forbidden-clean-genesis
browse:evm/src/interfaces/IAttestationService.sol,https://github.com/paritytech/browse.git,1054df0f0e89f4686c2f8a484a3ed1502ea4e571,evm/src/interfaces/IAttestationService.sol,28988fa5fc49510b8075582eb78180ee71ff53ce70fdc363b83c1b1bb2d8e293,GPL-3.0-only,interface,error:AttestationService__AccessDenied;error:AttestationService__AlreadyRevoked;error:AttestationService__AlreadyRevokedOffchain;error:AttestationService__AlreadyTimestamped;error:AttestationService__InvalidExpirationTime;error:AttestationService__InvalidLength;error:AttestationService__InvalidRegistry;error:AttestationService__InvalidSchema;error:AttestationService__Irrevocable;error:AttestationService__NotFound;error:AttestationService__ResolverRejected;error:AttestationService__RevocableMismatch;error:AttestationService__WrongSchema;event:Attested;event:Revoked;event:RevokedOffchain;event:Timestamped;field:Attestation.attester;field:Attestation.data;field:Attestation.expirationTime;field:Attestation.id;field:Attestation.recipient;field:Attestation.refId;field:Attestation.revocable;field:Attestation.revocationTime;field:Attestation.schema;field:Attestation.time;field:AttestationRequest.data;field:AttestationRequest.schema;field:AttestationRequestData.data;field:AttestationRequestData.expirationTime;field:AttestationRequestData.recipient;field:AttestationRequestData.refId;field:AttestationRequestData.revocable;field:DelegatedAttestationRequest.attester;field:DelegatedAttestationRequest.data;field:DelegatedAttestationRequest.deadline;field:DelegatedAttestationRequest.schema;field:DelegatedAttestationRequest.signature;field:DelegatedRevocationRequest.data;field:DelegatedRevocationRequest.deadline;field:DelegatedRevocationRequest.revoker;field:DelegatedRevocationRequest.schema;field:DelegatedRevocationRequest.signature;field:MultiAttestationRequest.data;field:MultiAttestationRequest.schema;field:MultiDelegatedAttestationRequest.attester;field:MultiDelegatedAttestationRequest.data;field:MultiDelegatedAttestationRequest.deadline;field:MultiDelegatedAttestationRequest.schema;field:MultiDelegatedAttestationRequest.signatures;field:MultiDelegatedRevocationRequest.data;field:MultiDelegatedRevocationRequest.deadline;field:MultiDelegatedRevocationRequest.revoker;field:MultiDelegatedRevocationRequest.schema;field:MultiDelegatedRevocationRequest.signatures;field:MultiRevocationRequest.data;field:MultiRevocationRequest.schema;field:RevocationRequest.data;field:RevocationRequest.schema;field:RevocationRequestData.id;field:Signature.r;field:Signature.s;field:Signature.v;function:attest;function:attestByDelegation;function:attestationCount;function:getAttestationById;function:getAttestationByIds;function:getRevokeOffchain;function:getSchemaRegistry;function:getTimestamp;function:isActive;function:isAttestationValid;function:multiAttest;function:multiAttestByDelegation;function:multiRevoke;function:multiRevokeByDelegation;function:multiRevokeOffchain;function:multiTimestamp;function:revoke;function:revokeByDelegation;function:revokeOffchain;function:timestamp;struct:Attestation;struct:AttestationRequest;struct:AttestationRequestData;struct:DelegatedAttestationRequest;struct:DelegatedRevocationRequest;struct:MultiAttestationRequest;struct:MultiDelegatedAttestationRequest;struct:MultiDelegatedRevocationRequest;struct:MultiRevocationRequest;struct:RevocationRequest;struct:RevocationRequestData;struct:Signature,"no contract state variables declared; declarations functions=20, events=4, errors=13, structs=12, fields=47; no *_ROLE constant declared","source token evidence: signature/nonce/deadline=deadline,signature; time/expiry/revoke=expiration,revoke,timestamp; batch/multi=multi",intentional-change,split attestation/schema/index semantics into bounded native state while retiring callbacks/timestamps and changing batches/IDs,Attestation,Attestation calls/runtime APIs/events/errors,attestation,attestation,attestation-owner,immutable-source:1054df0f0e89f4686c2f8a484a3ed1502ea4e571:evm/src/interfaces/IAttestationService.sol,manifest:APPROVED,"mixed:intentional-change,retired",1,docs/evidence/p0-contract-native/architect-semantic-disposition-approval.json,96cd0595fbc89fcd847ee58dd8427aa59bd008c8639b8f82d9bf4d6095b3b5ae,none,forbidden-clean-genesis
browse:evm/src/interfaces/IDotnsRegistrar.sol,https://github.com/paritytech/browse.git,1054df0f0e89f4686c2f8a484a3ed1502ea4e571,evm/src/interfaces/IDotnsRegistrar.sol,03db06ec01100caf4209dcf3eb95f1e4e190312da570bdeac250c8da7dd057ad,GPL-3.0-only,interface,function:ownerOf,"no contract state variables declared; declarations functions=1, events=0, errors=0, structs=0, fields=0; no *_ROLE constant declared",source token evidence: owner/role=owner,not-applicable,Browse publication registry is reference-only pending explicit capability admission; no Attestation or invented pallet mapping,none,evidence vector only,none,none,browse-owner,immutable-source:1054df0f0e89f4686c2f8a484a3ed1502ea4e571:evm/src/interfaces/IDotnsRegistrar.sol,manifest:APPROVED,all:not-applicable,1,docs/evidence/p0-contract-native/architect-semantic-disposition-approval.json,96cd0595fbc89fcd847ee58dd8427aa59bd008c8639b8f82d9bf4d6095b3b5ae,none,forbidden-clean-genesis
browse:evm/src/interfaces/IPersonhood.sol,https://github.com/paritytech/browse.git,1054df0f0e89f4686c2f8a484a3ed1502ea4e571,evm/src/interfaces/IPersonhood.sol,cf6e79762e9a8790f621c0cd5cae21c4e405d55249680348600d9475866d24f2,GPL-3.0-only,interface,field:PersonhoodInfo.contextAlias;field:PersonhoodInfo.status;function:personhoodStatus;struct:PersonhoodInfo,"no contract state variables declared; declarations functions=1, events=0, errors=0, structs=1, fields=2; no *_ROLE constant declared",source token evidence: none of the audited lifecycle/economic token groups,adopt-semantic,route eligibility through canonical native Personhood,Personhood,Personhood status runtime API,personhood.status,personhood.status,identity-owner,immutable-source:1054df0f0e89f4686c2f8a484a3ed1502ea4e571:evm/src/interfaces/IPersonhood.sol,manifest:APPROVED,all:adopt-semantic,1,docs/evidence/p0-contract-native/architect-semantic-disposition-approval.json,96cd0595fbc89fcd847ee58dd8427aa59bd008c8639b8f82d9bf4d6095b3b5ae,none,forbidden-clean-genesis
browse:evm/src/interfaces/IPublisher.sol,https://github.com/paritytech/browse.git,1054df0f0e89f4686c2f8a484a3ed1502ea4e571,evm/src/interfaces/IPublisher.sol,50168723f284ea5038f69fbe649da9ed89b8592aa0147dddb10fe02f20fb9ebd,GPL-3.0-only,interface,error:EmptyLabel;error:NoPersonhood;error:NotOwner;error:RateLimitExceeded;event:Published;event:Unpublished;field:Publication.indexPlusOne;field:Publication.publisher;field:Publication.timestamp;function:getPublished;function:getPublishedAt;function:isPublished;function:publicationOf;function:publish;function:publishedCount;function:registrar;function:unpublish;struct:Publication,"publication list/maps are keyed by DotNS labelhash; publish checks current registrar ownership, owner bypass, personhood tier and rolling timestamp window; unpublish uses swap-remove",publish/republish mutate publisher/timestamp; unpublish deletes record; enumeration and block timestamps are source behavior; no Attestation call is declared,not-applicable,Browse publication registry is reference-only pending explicit capability admission; no Attestation or invented pallet mapping,none,evidence vector only,none,none,browse-owner,immutable-source:1054df0f0e89f4686c2f8a484a3ed1502ea4e571:evm/src/interfaces/IPublisher.sol,manifest:APPROVED,all:not-applicable,1,docs/evidence/p0-contract-native/architect-semantic-disposition-approval.json,96cd0595fbc89fcd847ee58dd8427aa59bd008c8639b8f82d9bf4d6095b3b5ae,none,forbidden-clean-genesis
browse:evm/src/interfaces/ISchemaRegistry.sol,https://github.com/paritytech/browse.git,1054df0f0e89f4686c2f8a484a3ed1502ea4e571,evm/src/interfaces/ISchemaRegistry.sol,34876474a31ad61e6b8d576cee12a0f1932668a9fd27631216b0710f90c0b4ad,GPL-3.0-only,interface,error:SchemaRegistry__EmptySchema;error:SchemaRegistry__SchemaNotFound;event:Registered;field:SchemaRecord.id;field:SchemaRecord.registerer;field:SchemaRecord.resolver;field:SchemaRecord.revocable;field:SchemaRecord.schema;field:SchemaRecord.unique;function:getSchema;function:register;function:schemaCount;struct:SchemaRecord,"no contract state variables declared; declarations functions=3, events=1, errors=2, structs=1, fields=6; no *_ROLE constant declared",source token evidence: none of the audited lifecycle/economic token groups,intentional-change,split attestation/schema/index semantics into bounded native state while retiring callbacks/timestamps and changing batches/IDs,Attestation,Attestation calls/runtime APIs/events/errors,attestation,attestation,attestation-owner,immutable-source:1054df0f0e89f4686c2f8a484a3ed1502ea4e571:evm/src/interfaces/ISchemaRegistry.sol,manifest:APPROVED,all:intentional-change,1,docs/evidence/p0-contract-native/architect-semantic-disposition-approval.json,96cd0595fbc89fcd847ee58dd8427aa59bd008c8639b8f82d9bf4d6095b3b5ae,none,forbidden-clean-genesis
browse:evm/src/interfaces/ISemver.sol,https://github.com/paritytech/browse.git,1054df0f0e89f4686c2f8a484a3ed1502ea4e571,evm/src/interfaces/ISemver.sol,ce80d79615beb4b21f794a1b559939cab8ac9dd49a690e9109a56f7958caa5f9,GPL-3.0-only,interface,function:version,"no contract state variables declared; declarations functions=1, events=0, errors=0, structs=0, fields=0; no *_ROLE constant declared",source token evidence: none of the audited lifecycle/economic token groups,intentional-change,use runtime spec/transaction/schema versions rather than contract semver,System,runtime version and SDK version matrix,system.version,system.version,attestation-owner,immutable-source:1054df0f0e89f4686c2f8a484a3ed1502ea4e571:evm/src/interfaces/ISemver.sol,manifest:APPROVED,all:intentional-change,1,docs/evidence/p0-contract-native/architect-semantic-disposition-approval.json,96cd0595fbc89fcd847ee58dd8427aa59bd008c8639b8f82d9bf4d6095b3b5ae,none,forbidden-clean-genesis
browse:evm/src/interfaces/ISystem.sol,https://github.com/paritytech/browse.git,1054df0f0e89f4686c2f8a484a3ed1502ea4e571,evm/src/interfaces/ISystem.sol,00e854e2cee4cccfe003b48c822e6afa49b65ac4900385d5ece388ae2e528ed4,GPL-3.0-only,interface,function:sr25519Verify,"no contract state variables declared; declarations functions=1, events=0, errors=0, structs=0, fields=0; no *_ROLE constant declared",source token evidence: signature/nonce/deadline=signature,retired,Revive system interface is not an authority for migrated domains,none,retired; no callable native surface,none,none,attestation-owner,immutable-source:1054df0f0e89f4686c2f8a484a3ed1502ea4e571:evm/src/interfaces/ISystem.sol,manifest:APPROVED,all:retired,1,docs/evidence/p0-contract-native/architect-semantic-disposition-approval.json,96cd0595fbc89fcd847ee58dd8427aa59bd008c8639b8f82d9bf4d6095b3b5ae,none,forbidden-clean-genesis
browse:evm/test/Publisher.t.sol,https://github.com/paritytech/browse.git,1054df0f0e89f4686c2f8a484a3ed1502ea4e571,evm/test/Publisher.t.sol,421c49abcd64a4c7876ad170e376e5598cb3217842dd2a5488be22248a21a078,GPL-3.0-only,fixture,function:_labelhash;function:_mockOwner;function:_mockOwnerRevert;function:_mockStatus;function:_publishAs;function:_tokenIdOf;function:setUp;function:test_getPublished_offsetBeyondTotalReturnsEmpty;function:test_getPublished_returnsPaginatedSlice;function:test_owner_isDeployer;function:test_publicationOf_carriesTimestampForClientSideOrdering;function:test_publicationOf_returnsRecordedFieldsAfterPublish;function:test_publicationOf_returnsZeroValueForUnknownLabel;function:test_publish_addsToPublishedSet;function:test_publish_emitsPublishedAndRecordsEntry;function:test_publish_fullAllowsFiveWithinWindow;function:test_publish_fullSixthInWindowReverts;function:test_publish_liteAllowsOneWithinWindow;function:test_publish_liteRepublishConsumesSlot;function:test_publish_liteSecondInWindowReverts;function:test_publish_liteSlotFreesAfterWindow;function:test_publish_ownerBypassesPersonhoodAndRateLimit;function:test_publish_privilegeFollowsTwoStepOwnershipTransfer;function:test_publish_republishKeepsSingleEntry;function:test_publish_republishRefreshesPublisherAndTimestamp;function:test_publish_revertsWhenCallerNotOwner;function:test_publish_revertsWhenLabelEmpty;function:test_publish_revertsWhenLabelUnminted;function:test_publish_revertsWhenNoPersonhood;function:test_publish_tierDowngradeMidWindowAppliesLowerCap;function:test_publish_tierUpgradeMidWindowGrantsHigherCap;function:test_unpublish_doesNotFreeRateSlot;function:test_unpublish_doesNotRequirePersonhood;function:test_unpublish_emitsEvent;function:test_unpublish_isIdempotentWhenNotPublished;function:test_unpublish_removesFromPublishedSet;function:test_unpublish_revertsWhenCallerNotOwner;function:test_unpublish_revertsWhenLabelEmpty;function:test_unpublish_revertsWhenLabelUnminted;function:test_unpublish_swapAndPopUpdatesMovedIndex;function:test_version_returnsExpectedSemver;state:DOT_NODE;state:FULL_DAILY_LIMIT;state:LABEL;state:LITE_DAILY_LIMIT;state:PERSONHOOD;state:PERSONHOOD_CONTEXT;state:RATE_WINDOW;state:alice;state:labelNode;state:labelhash;state:mallory;state:publisher;state:registrar;state:tokenId,"test/deployment fixture declarations: functions=41, events=0, errors=0",fixture path is evidence only; source deployment/test execution is not authoritative network state,not-applicable,immutable semantic/test evidence only,none,evidence vector only,none,none,migration-domain-owner,immutable-source:1054df0f0e89f4686c2f8a484a3ed1502ea4e571:evm/test/Publisher.t.sol,manifest:APPROVED,all:not-applicable,1,docs/evidence/p0-contract-native/architect-semantic-disposition-approval.json,96cd0595fbc89fcd847ee58dd8427aa59bd008c8639b8f82d9bf4d6095b3b5ae,none,forbidden-clean-genesis
browse:evm/test/RecipientAndAttesterIndexResolver.t.sol,https://github.com/paritytech/browse.git,1054df0f0e89f4686c2f8a484a3ed1502ea4e571,evm/test/RecipientAndAttesterIndexResolver.t.sol,845af1c4fd7462bd4345fec78959edfa0209b9c6970e9bb0777d2b50034c7edc,GPL-3.0-only,fixture,function:_att;function:_bind;function:_identity;function:_mockActive;function:_mockVerify;function:_sig;function:setUp;function:test_bindIdentity_rebindOverwrites;function:test_bindIdentity_revertsOnInvalidSignature;function:test_bindIdentity_revertsOnWrongSignatureLength;function:test_bindIdentity_storesBinding;function:test_constructor_revertsOnZeroService;function:test_constructor_setsService;function:test_isActiveAny_trueWhenListedAttesterActive;function:test_listByAttester_paginates;function:test_listByRecipientAndSchema_revertsOnOversizePage;function:test_onAttest_admitsBoundAndIndexes;function:test_onAttest_admitsDistinctPeopleForSameApp;function:test_onAttest_rejectsWhenNotBound;function:test_onAttest_revertsWhenCallerNotService;function:test_onAttest_samePersonMayAttestDifferentApps;function:test_onAttest_sybilRejectsSameIdentityViaSecondProductAccount;function:test_onRevoke_releasesIdentityAndReattestSucceeds;state:SCHEMA;state:SYSTEM_ADDR;state:alicePk;state:app;state:app2;state:bobPk;state:mallory;state:productA;state:productB;state:resolver;state:service,"test/deployment fixture declarations: functions=23, events=0, errors=0",fixture path is evidence only; source deployment/test execution is not authoritative network state,not-applicable,immutable semantic/test evidence only,none,evidence vector only,none,none,migration-domain-owner,immutable-source:1054df0f0e89f4686c2f8a484a3ed1502ea4e571:evm/test/RecipientAndAttesterIndexResolver.t.sol,manifest:APPROVED,all:not-applicable,1,docs/evidence/p0-contract-native/architect-semantic-disposition-approval.json,96cd0595fbc89fcd847ee58dd8427aa59bd008c8639b8f82d9bf4d6095b3b5ae,none,forbidden-clean-genesis
browse:evm/test/TrustedAttesterIndexResolver.t.sol,https://github.com/paritytech/browse.git,1054df0f0e89f4686c2f8a484a3ed1502ea4e571,evm/test/TrustedAttesterIndexResolver.t.sol,2abda1d1aa1328c1b9ae23e497cccb3d841783becb1ff76735db83cd76999a95,GPL-3.0-only,fixture,function:_att;function:_mockActive;function:_slot;function:setUp;function:test_constructor_revertsOnZeroAttester;function:test_constructor_revertsOnZeroService;function:test_constructor_setsServiceAndAttester;function:test_isActive_falseWhenServiceReportsInactive;function:test_isActive_trueWhenServiceReportsActive;function:test_listBySchema_dedupesRepeatCertification;function:test_listBySchema_enumeratesCertifiedRecipients;function:test_listBySchema_offsetBeyondTotalReturnsEmpty;function:test_listBySchema_revertsOnOversizePage;function:test_onAttest_admitsTrustedAttesterAndIndexes;function:test_onAttest_rejectsUntrustedAttester;function:test_onAttest_revertsWhenCallerNotService;function:test_onRevoke_removesFromIndex;state:SCHEMA;state:app;state:app2;state:certifier;state:mallory;state:resolver;state:service,"test/deployment fixture declarations: functions=17, events=0, errors=0",fixture path is evidence only; source deployment/test execution is not authoritative network state,not-applicable,immutable semantic/test evidence only,none,evidence vector only,none,none,migration-domain-owner,immutable-source:1054df0f0e89f4686c2f8a484a3ed1502ea4e571:evm/test/TrustedAttesterIndexResolver.t.sol,manifest:APPROVED,all:not-applicable,1,docs/evidence/p0-contract-native/architect-semantic-disposition-approval.json,96cd0595fbc89fcd847ee58dd8427aa59bd008c8639b8f82d9bf4d6095b3b5ae,none,forbidden-clean-genesis
dotns:contracts/access/DotnsRoleManager.sol,https://github.com/paritytech/dotns.git,05a91f7f3c8f1c2c3d2d4d333d77d9f64892bc0d,contracts/access/DotnsRoleManager.sol,41da83bc0f8fb95eb9ddfbbc2fc35527be1a621cd4590d66562e6f3bc6fd96df,MIT,contract,function:_checkRoleOrOwner;function:_dotnsRoleManagerInit;function:_isSupportedRole;function:_setRole;function:grantRole;function:revokeRole;function:setRole;function:supportsInterface,"no contract state variables declared; declarations functions=8, events=0, errors=0, structs=0, fields=0; no *_ROLE constant declared","source token evidence: time/expiry/revoke=revoke; owner/role=owner,role; initialize/upgrade=upgrade",retired,Non-normative file-level summary; exact per-symbol disposition and native targets are defined by docs/sdk/contract-to-native-map.json.,none,normative per-symbol mapping: docs/sdk/contract-to-native-map.json,normative per-symbol mapping: docs/sdk/contract-to-native-map.json,normative per-symbol mapping: docs/sdk/contract-to-native-map.json,dotns-owner,immutable-source:05a91f7f3c8f1c2c3d2d4d333d77d9f64892bc0d:contracts/access/DotnsRoleManager.sol,manifest:APPROVED,retired:9,1,docs/evidence/p0-contract-native/architect-semantic-disposition-approval.json,96cd0595fbc89fcd847ee58dd8427aa59bd008c8639b8f82d9bf4d6095b3b5ae,none,forbidden-clean-genesis
dotns:contracts/access/IDotnsRoleManager.sol,https://github.com/paritytech/dotns.git,05a91f7f3c8f1c2c3d2d4d333d77d9f64892bc0d,contracts/access/IDotnsRoleManager.sol,5d8b77dda3c15a4831681a63919bdffa2ee1c4d5afba62882ff86637c62eec3f,MIT,interface,error:InvalidRoleAccount;error:NotRoleOrOwner;error:UnsupportedRole;function:setRole,"no contract state variables declared; declarations functions=1, events=0, errors=3, structs=0, fields=0; no *_ROLE constant declared","source token evidence: owner/role=owner,role",retired,Non-normative file-level summary; exact per-symbol disposition and native targets are defined by docs/sdk/contract-to-native-map.json.,none,normative per-symbol mapping: docs/sdk/contract-to-native-map.json,normative per-symbol mapping: docs/sdk/contract-to-native-map.json,normative per-symbol mapping: docs/sdk/contract-to-native-map.json,dotns-owner,immutable-source:05a91f7f3c8f1c2c3d2d4d333d77d9f64892bc0d:contracts/access/IDotnsRoleManager.sol,manifest:APPROVED,retired:5,1,docs/evidence/p0-contract-native/architect-semantic-disposition-approval.json,96cd0595fbc89fcd847ee58dd8427aa59bd008c8639b8f82d9bf4d6095b3b5ae,none,forbidden-clean-genesis
dotns:contracts/deploy/Create3Factory.sol,https://github.com/paritytech/dotns.git,05a91f7f3c8f1c2c3d2d4d333d77d9f64892bc0d,contracts/deploy/Create3Factory.sol,4a4d2b50d4dcdeb32a66c3a0ee0483319f5aa49edc42e2558e4603ed8ab2be4f,MIT,contract,error:EmptyInitCode;event:Deployed;function:deploy;function:predict;function:receive,"no contract state variables; permissionless payable deploy uses CREATE3 salt and initCode, emits deployed address/initCodeHash/value; predict derives address from salt","receive accepts value; deploy rejects empty initCode, forwards msg.value, and collision behavior comes from CREATE3",retired,Non-normative file-level summary; exact per-symbol disposition and native targets are defined by docs/sdk/contract-to-native-map.json.,none,normative per-symbol mapping: docs/sdk/contract-to-native-map.json,normative per-symbol mapping: docs/sdk/contract-to-native-map.json,normative per-symbol mapping: docs/sdk/contract-to-native-map.json,dotns-owner,immutable-source:05a91f7f3c8f1c2c3d2d4d333d77d9f64892bc0d:contracts/deploy/Create3Factory.sol,manifest:APPROVED,retired:6,1,docs/evidence/p0-contract-native/architect-semantic-disposition-approval.json,96cd0595fbc89fcd847ee58dd8427aa59bd008c8639b8f82d9bf4d6095b3b5ae,none,forbidden-clean-genesis
dotns:contracts/escrow/DotnsNameEscrow.sol,https://github.com/paritytech/dotns.git,05a91f7f3c8f1c2c3d2d4d333d77d9f64892bc0d,contracts/escrow/DotnsNameEscrow.sol,27a5788437b085baeb4b05d19347518e5fcd46b631056183b4c8e48b2cb5fb1e,MIT,contract,function:_addReleasedToken;function:_authorizeUpgrade;function:_creditRefund;function:_onlyController;function:_onlyRegistrar;function:_registrar;function:_removeRefundEntry;function:_removeReleasedToken;function:chargeTransferFee;function:claimRefund;function:claimRefundsBatch;function:claimWithdrawal;function:constructor;function:creditOverpayment;function:deposit;function:depositInsurance;function:getReleasePosition;function:initialize;function:onERC721Received;function:pendingRefundCount;function:pendingRefundIds;function:pendingRefunds;function:pendingWithdrawal;function:reclaim;function:refundEntry;function:release;function:releasedTokenCount;function:releasedTokens;function:reserves;function:supportsInterface;function:updateCooldown;function:version;function:withdraw;modifier:onlyController;modifier:onlyRegistrar;state:MAX_COOLDOWN;state:MAX_REFUND_PAGE_SIZE;state:MAX_RELEASED_PAGE_SIZE;state:__gap;state:_entriesByRecipient;state:_entryIndexPlusOne;state:_nextEntryId;state:_pendingWithdrawals;state:_positions;state:_refundEntries;state:_releasedIndexPlusOne;state:_releasedTokens;state:cooldown;state:insuranceFund;state:protocolRegistry;state:tokenReserved,"declared contract state: MAX_COOLDOWN, MAX_REFUND_PAGE_SIZE, MAX_RELEASED_PAGE_SIZE, __gap, _entriesByRecipient, _entryIndexPlusOne, _nextEntryId, _pendingWithdrawals, _positions, _refundEntries, _releasedIndexPlusOne, _releasedTokens, cooldown, insuranceFund, protocolRegistry, tokenReserved; declarations functions=33, events=0, errors=0, structs=0, fields=0; no *_ROLE constant declared","source token evidence: payable/value=msg.value,payable; fee/deposit/refund/rent=deposit,fee,refund,rent; time/expiry/revoke=timestamp; owner/role=owner; batch/multi=batch; initialize/upgrade=initialize,upgrade",retired,Non-normative file-level summary; exact per-symbol disposition and native targets are defined by docs/sdk/contract-to-native-map.json.,none,normative per-symbol mapping: docs/sdk/contract-to-native-map.json,normative per-symbol mapping: docs/sdk/contract-to-native-map.json,normative per-symbol mapping: docs/sdk/contract-to-native-map.json,dotns-owner,immutable-source:05a91f7f3c8f1c2c3d2d4d333d77d9f64892bc0d:contracts/escrow/DotnsNameEscrow.sol,manifest:APPROVED,retired:52,1,docs/evidence/p0-contract-native/architect-semantic-disposition-approval.json,96cd0595fbc89fcd847ee58dd8427aa59bd008c8639b8f82d9bf4d6095b3b5ae,none,forbidden-clean-genesis
dotns:contracts/escrow/IDotnsNameEscrow.sol,https://github.com/paritytech/dotns.git,05a91f7f3c8f1c2c3d2d4d333d77d9f64892bc0d,contracts/escrow/IDotnsNameEscrow.sol,0c02384daf18ee2ad0b7bffd32ed9d0c4529daa28b23f7a9c6a6bf60ba5dbdbd,MIT,interface,error:AlreadyClaimed;error:AlreadyReleased;error:AssetNotSupported;error:CooldownTooLong;error:DepositNotConfigured;error:EscrowNotApproved;error:InsufficientFunds;error:InsufficientValue;error:InvalidAmount;error:InvalidAsset;error:InvalidCooldown;error:InvalidPageSize;error:InvalidRecipient;error:NoPendingWithdrawal;error:NoSuchRefundEntry;error:NotAcceptedTransfer;error:NotController;error:NotReclaimable;error:NotRefundRecipient;error:NotRegistrar;error:NotReleased;error:PositionAlreadyFunded;error:RefundFailed;error:RefundLocked;error:UnsolicitedDeposit;error:WithdrawalTooEarly;event:CooldownUpdated;event:CrossTierFeePaid;event:InsuranceDraw;event:NameReclaimed;event:NameReleased;event:NativeDepositRecorded;event:OverpaymentRefunded;event:RefundClaimed;event:RefundCredited;event:RefundWithdrawn;event:WithdrawalClaimed;field:ChargeTransferFeeParams.payer;field:ChargeTransferFeeParams.reachFloor;field:ChargeTransferFeeParams.to;field:ChargeTransferFeeParams.tokenId;field:DepositParams.amount;field:DepositParams.asset;field:DepositParams.recipient;field:DepositParams.tokenId;field:InsuranceDepositParams.payer;field:InsuranceDepositParams.recipient;field:InsuranceDepositParams.tokenId;field:RefundEntry.amount;field:RefundEntry.availableAt;field:RefundEntry.recipient;field:RefundEntry.tokenId;field:ReleasePosition.amount;field:ReleasePosition.asset;field:ReleasePosition.claimed;field:ReleasePosition.recipient;field:ReleasePosition.released;field:ReleasePosition.withdrawAvailableAt;function:chargeTransferFee;function:claimRefund;function:claimRefundsBatch;function:claimWithdrawal;function:creditOverpayment;function:deposit;function:depositInsurance;function:getReleasePosition;function:insuranceFund;function:pendingRefundCount;function:pendingRefundIds;function:pendingRefunds;function:pendingWithdrawal;function:reclaim;function:refundEntry;function:release;function:releasedTokenCount;function:releasedTokens;function:reserves;function:updateCooldown;function:withdraw;struct:ChargeTransferFeeParams;struct:DepositParams;struct:InsuranceDepositParams;struct:RefundEntry;struct:ReleasePosition,"no contract state variables declared; declarations functions=21, events=11, errors=26, structs=5, fields=21; no *_ROLE constant declared","source token evidence: payable/value=payable; fee/deposit/refund/rent=deposit,fee,refund,rent; owner/role=owner; batch/multi=batch",retired,Non-normative file-level summary; exact per-symbol disposition and native targets are defined by docs/sdk/contract-to-native-map.json.,none,normative per-symbol mapping: docs/sdk/contract-to-native-map.json,normative per-symbol mapping: docs/sdk/contract-to-native-map.json,normative per-symbol mapping: docs/sdk/contract-to-native-map.json,dotns-owner,immutable-source:05a91f7f3c8f1c2c3d2d4d333d77d9f64892bc0d:contracts/escrow/IDotnsNameEscrow.sol,manifest:APPROVED,retired:85,1,docs/evidence/p0-contract-native/architect-semantic-disposition-approval.json,96cd0595fbc89fcd847ee58dd8427aa59bd008c8639b8f82d9bf4d6095b3b5ae,none,forbidden-clean-genesis
dotns:contracts/external/personhood/IPersonhood.sol,https://github.com/paritytech/dotns.git,05a91f7f3c8f1c2c3d2d4d333d77d9f64892bc0d,contracts/external/personhood/IPersonhood.sol,fd09da5c5623ba53e9e9a52cd3f17bbfe76c38ff66f5594cb8009a01b6a7623e,GPL-3.0-only,interface,field:PersonhoodInfo.contextAlias;field:PersonhoodInfo.status;function:personhoodStatus;struct:PersonhoodInfo,"interface declares no state; personhoodStatus(account, context) returns status and contextAlias, documented as different per application context",read-only precompile ABI surface; absent personhood returns zero fields; no mutation or proof verification function is declared,retired,Non-normative file-level summary; exact per-symbol disposition and native targets are defined by docs/sdk/contract-to-native-map.json.,none,normative per-symbol mapping: docs/sdk/contract-to-native-map.json,normative per-symbol mapping: docs/sdk/contract-to-native-map.json,normative per-symbol mapping: docs/sdk/contract-to-native-map.json,dotns-owner,immutable-source:05a91f7f3c8f1c2c3d2d4d333d77d9f64892bc0d:contracts/external/personhood/IPersonhood.sol,manifest:APPROVED,retired:5,1,docs/evidence/p0-contract-native/architect-semantic-disposition-approval.json,96cd0595fbc89fcd847ee58dd8427aa59bd008c8639b8f82d9bf4d6095b3b5ae,none,forbidden-clean-genesis
dotns:contracts/external/revive/ISystem.sol,https://github.com/paritytech/dotns.git,05a91f7f3c8f1c2c3d2d4d333d77d9f64892bc0d,contracts/external/revive/ISystem.sol,a6afb5569dd0461f9f950c4082cbd268832821eef076fb152d1c395f59370eb6,Apache-2.0,interface,function:callerIsRoot,interface declares no state and only callerIsRoot() view returning bool,source documentation identifies a revive System precompile subset and says callerIsRoot reverts for signed/non-Root origin,retired,Non-normative file-level summary; exact per-symbol disposition and native targets are defined by docs/sdk/contract-to-native-map.json.,none,normative per-symbol mapping: docs/sdk/contract-to-native-map.json,normative per-symbol mapping: docs/sdk/contract-to-native-map.json,normative per-symbol mapping: docs/sdk/contract-to-native-map.json,dotns-owner,immutable-source:05a91f7f3c8f1c2c3d2d4d333d77d9f64892bc0d:contracts/external/revive/ISystem.sol,manifest:APPROVED,retired:2,1,docs/evidence/p0-contract-native/architect-semantic-disposition-approval.json,96cd0595fbc89fcd847ee58dd8427aa59bd008c8639b8f82d9bf4d6095b3b5ae,none,forbidden-clean-genesis
dotns:contracts/pop/IPopRules.sol,https://github.com/paritytech/dotns.git,05a91f7f3c8f1c2c3d2d4d333d77d9f64892bc0d,contracts/pop/IPopRules.sol,d0c75b27435619b909fbc01c34c5197e91a1cc116afb73aa4fe5486676ac2eb2,MIT,interface,enum:PopStatus;error:NotRegistry;error:PopError;event:BaseNameReleased;event:BaseNameReserved;event:StartingPriceUpdated;field:PriceWithMeta.message;field:PriceWithMeta.price;field:PriceWithMeta.status;field:PriceWithMeta.userStatus;field:Reservation.controller;field:Reservation.expires;field:Reservation.owner;function:classifyName;function:getBaseNameReservation;function:isBaseName;function:isBaseNameReserved;function:price;function:priceWithCheck;function:priceWithoutCheck;function:reachFee;function:releaseBaseName;function:releaseReservationForReclaim;function:reserveBaseName;function:reserveBaseNameForPop;function:stripDigits;function:transferFloor;function:updateStartingPrice;struct:PriceWithMeta;struct:Reservation,"no contract state variables declared; declarations functions=15, events=3, errors=2, structs=2, fields=7; no *_ROLE constant declared",source token evidence: fee/deposit/refund/rent=fee; owner/role=owner,retired,Non-normative file-level summary; exact per-symbol disposition and native targets are defined by docs/sdk/contract-to-native-map.json.,none,normative per-symbol mapping: docs/sdk/contract-to-native-map.json,normative per-symbol mapping: docs/sdk/contract-to-native-map.json,normative per-symbol mapping: docs/sdk/contract-to-native-map.json,dotns-owner,immutable-source:05a91f7f3c8f1c2c3d2d4d333d77d9f64892bc0d:contracts/pop/IPopRules.sol,manifest:APPROVED,retired:31,1,docs/evidence/p0-contract-native/architect-semantic-disposition-approval.json,96cd0595fbc89fcd847ee58dd8427aa59bd008c8639b8f82d9bf4d6095b3b5ae,none,forbidden-clean-genesis
dotns:contracts/pop/PopRules.sol,https://github.com/paritytech/dotns.git,05a91f7f3c8f1c2c3d2d4d333d77d9f64892bc0d,contracts/pop/PopRules.sol,1b99c32425925a1be991274e093084601a38d9719421f0e9a831315ec91278ae,MIT,contract,function:_authorizeUpgrade;function:_classifyValidatedName;function:_countTrailingDigits;function:_enforceReservationRules;function:_isLive;function:_meetsReach;function:_onlyRegistry;function:_personhoodTier;function:_priceValidatedName;function:_requireCanonicalLabel;function:_stripDigits;function:_writeReservation;function:classifyName;function:constructor;function:getBaseNameReservation;function:initialize;function:isBaseName;function:isBaseNameReserved;function:price;function:priceWithCheck;function:priceWithoutCheck;function:reachFee;function:releaseBaseName;function:releaseReservationForReclaim;function:reserveBaseName;function:reserveBaseNameForPop;function:stripDigits;function:supportsInterface;function:transferFloor;function:updateStartingPrice;function:version;modifier:onlyRegistry;state:MAX_RESERVATION_TIME;state:__gap;state:protocolRegistry;state:reservations;state:startingPrice,"declared contract state: MAX_RESERVATION_TIME, __gap, protocolRegistry, reservations, startingPrice; declarations functions=31, events=0, errors=0, structs=0, fields=0; no *_ROLE constant declared","source token evidence: fee/deposit/refund/rent=fee; time/expiry/revoke=expiry,timestamp; owner/role=owner; initialize/upgrade=initialize,upgrade",retired,Non-normative file-level summary; exact per-symbol disposition and native targets are defined by docs/sdk/contract-to-native-map.json.,none,normative per-symbol mapping: docs/sdk/contract-to-native-map.json,normative per-symbol mapping: docs/sdk/contract-to-native-map.json,normative per-symbol mapping: docs/sdk/contract-to-native-map.json,dotns-owner,immutable-source:05a91f7f3c8f1c2c3d2d4d333d77d9f64892bc0d:contracts/pop/PopRules.sol,manifest:APPROVED,retired:38,1,docs/evidence/p0-contract-native/architect-semantic-disposition-approval.json,96cd0595fbc89fcd847ee58dd8427aa59bd008c8639b8f82d9bf4d6095b3b5ae,none,forbidden-clean-genesis
dotns:contracts/registrars/DotnsPopController.sol,https://github.com/paritytech/dotns.git,05a91f7f3c8f1c2c3d2d4d333d77d9f64892bc0d,contracts/registrars/DotnsPopController.sol,da5c1f39da3bbf6fc1d707c837de5c02d1d959bb228724dd5c1bbf5714bf585e,MIT,contract,function:_advanceExpiredHead;function:_authorizeUpgrade;function:_claimLabelStoreFor;function:_clearPendingClaim;function:_clearQueue;function:_completeGatewayRegistration;function:_dispatchTyped;function:_enqueueReservation;function:_isExpired;function:_onlyGateway;function:_popResolver;function:_popRules;function:_registrar;function:_releasePopRulesSlot;function:_removeUserFromQueue;function:_requireValidChatKey;function:_reserveLite;function:_settlePendingLabel;function:_stashPendingClaim;function:_storeFactory;function:_syncPopRulesToHead;function:_validateBaseLabel;function:_validateLiteLabel;function:_writeRecord;function:claimLabelStore;function:claimLabelStoreFor;function:constructor;function:expirePendingClaim;function:expireReservation;function:initialize;function:isReservedForClaim;function:pendingClaimUserCount;function:pendingClaimUsers;function:pendingClaims;function:registerBaseName;function:relinquishReservation;function:reservationEntry;function:reservationMeta;function:reserveBaseName;function:reserveBaseNameOnly;function:reserveLiteName;function:setReservationDuration;function:supportsInterface;function:userReservation;function:version;modifier:onlyGateway;state:CHAT_KEY_LENGTH;state:MAX_RESERVATION_QUEUE;state:MIN_RESERVATION_DURATION;state:SELECTOR_REGISTER_BASE;state:SELECTOR_RESERVE_BASE;state:SELECTOR_RESERVE_BASE_ONLY;state:SELECTOR_RESERVE_LITE;state:__gap;state:_pendingClaimQueue;state:_pendingClaimUsers;state:_reservationEntries;state:_reservationMeta;state:_reservedBaseLabel;state:_userReservations;state:protocolRegistry;state:reservationDuration,"declared contract state: CHAT_KEY_LENGTH, MAX_RESERVATION_QUEUE, MIN_RESERVATION_DURATION, SELECTOR_REGISTER_BASE, SELECTOR_RESERVE_BASE, SELECTOR_RESERVE_BASE_ONLY, SELECTOR_RESERVE_LITE, __gap, _pendingClaimQueue, _pendingClaimUsers, _reservationEntries, _reservationMeta, _reservedBaseLabel, _userReservations, protocolRegistry, reservationDuration; declarations functions=45, events=0, errors=0, structs=0, fields=0; no *_ROLE constant declared","source token evidence: time/expiry/revoke=timestamp; owner/role=owner; initialize/upgrade=initialize,upgrade",retired,Non-normative file-level summary; exact per-symbol disposition and native targets are defined by docs/sdk/contract-to-native-map.json.,none,normative per-symbol mapping: docs/sdk/contract-to-native-map.json,normative per-symbol mapping: docs/sdk/contract-to-native-map.json,normative per-symbol mapping: docs/sdk/contract-to-native-map.json,dotns-owner,immutable-source:05a91f7f3c8f1c2c3d2d4d333d77d9f64892bc0d:contracts/registrars/DotnsPopController.sol,manifest:APPROVED,retired:63,1,docs/evidence/p0-contract-native/architect-semantic-disposition-approval.json,96cd0595fbc89fcd847ee58dd8427aa59bd008c8639b8f82d9bf4d6095b3b5ae,none,forbidden-clean-genesis
dotns:contracts/registrars/DotnsRegistrar.sol,https://github.com/paritytech/dotns.git,05a91f7f3c8f1c2c3d2d4d333d77d9f64892bc0d,contracts/registrars/DotnsRegistrar.sol,e8f2766aab5264dca5ac1b601f432d34e4314732716d11d5ee96ddfa75c5b037,MIT,contract,function:_authorizeUpgrade;function:_escrow;function:_exists;function:_onlyController;function:_popRules;function:_quoteTransferFee;function:_quoteTransferFeeFor;function:_readLabel;function:_readLabelFor;function:_storeFactory;function:_syncRecipientStore;function:_update;function:_writeOwnerLabel;function:addController;function:available;function:constructor;function:exists;function:initialize;function:labelOf;function:quoteTransferFee;function:register;function:removeController;function:safeTransferFrom;function:transferFrom;function:version;modifier:onlyController;state:__gap;state:controllers;state:protocolRegistry,"declared contract state: __gap, controllers, protocolRegistry; declarations functions=25, events=0, errors=0, structs=0, fields=0; no *_ROLE constant declared","source token evidence: payable/value=msg.value,payable; fee/deposit/refund/rent=fee; owner/role=owner; initialize/upgrade=initialize,upgrade",mixed-per-symbol,Non-normative file-level summary; exact per-symbol disposition and native targets are defined by docs/sdk/contract-to-native-map.json.,Dotns,normative per-symbol mapping: docs/sdk/contract-to-native-map.json,normative per-symbol mapping: docs/sdk/contract-to-native-map.json,normative per-symbol mapping: docs/sdk/contract-to-native-map.json,dotns-owner,immutable-source:05a91f7f3c8f1c2c3d2d4d333d77d9f64892bc0d:contracts/registrars/DotnsRegistrar.sol,manifest:APPROVED,intentional-change:9;retired:21,1,docs/evidence/p0-contract-native/architect-semantic-disposition-approval.json,96cd0595fbc89fcd847ee58dd8427aa59bd008c8639b8f82d9bf4d6095b3b5ae,none,forbidden-clean-genesis
dotns:contracts/registrars/DotnsRegistrarController.sol,https://github.com/paritytech/dotns.git,05a91f7f3c8f1c2c3d2d4d333d77d9f64892bc0d,contracts/registrars/DotnsRegistrarController.sol,e6715e49da6d0a840b456716388ca8ba274e0a6cd9b1f709e49c492baaa6b3d0,MIT,contract,function:_authorizeUpgrade;function:_completeRegistration;function:_consumeCommitment;function:_escrow;function:_isSupportedRole;function:_onlyWhiteListedOrOwner;function:_requireAvailableLabel;function:_settleEscrow;function:_validatedLabelNode;function:available;function:commit;function:constructor;function:initialize;function:isWhiteListed;function:makeCommitment;function:register;function:registerReserved;function:supportsInterface;function:version;function:whiteListAddress;modifier:onlyWhiteListedOrOwner;modifier:onlyWhitelistOperatorOrOwner;state:MAX_ALLOWED_COMMITMENT_AGE;state:__gap;state:commitments;state:maxCommitmentAge;state:minCommitmentAge;state:protocolRegistry;state:whiteList,"declared contract state: MAX_ALLOWED_COMMITMENT_AGE, __gap, commitments, maxCommitmentAge, minCommitmentAge, protocolRegistry, whiteList; declarations functions=20, events=0, errors=0, structs=0, fields=0; role constants: WHITELIST_OPERATOR_ROLE","source token evidence: payable/value=msg.value,payable; fee/deposit/refund/rent=deposit,refund; time/expiry/revoke=timestamp; owner/role=owner,role; initialize/upgrade=initialize,upgrade",mixed-per-symbol,Non-normative file-level summary; exact per-symbol disposition and native targets are defined by docs/sdk/contract-to-native-map.json.,Dotns,normative per-symbol mapping: docs/sdk/contract-to-native-map.json,normative per-symbol mapping: docs/sdk/contract-to-native-map.json,normative per-symbol mapping: docs/sdk/contract-to-native-map.json,dotns-owner,immutable-source:05a91f7f3c8f1c2c3d2d4d333d77d9f64892bc0d:contracts/registrars/DotnsRegistrarController.sol,manifest:APPROVED,intentional-change:5;retired:25,1,docs/evidence/p0-contract-native/architect-semantic-disposition-approval.json,96cd0595fbc89fcd847ee58dd8427aa59bd008c8639b8f82d9bf4d6095b3b5ae,none,forbidden-clean-genesis
dotns:contracts/registrars/IDotnsController.sol,https://github.com/paritytech/dotns.git,05a91f7f3c8f1c2c3d2d4d333d77d9f64892bc0d,contracts/registrars/IDotnsController.sol,e543fc4a3b0d486c8e0a55a72d0287094d03fecb6e3f0a3e0d0531019a7333c2,MIT,interface,none-declared,"no contract state variables declared; declarations functions=0, events=0, errors=0, structs=0, fields=0; no *_ROLE constant declared",source token evidence: none of the audited lifecycle/economic token groups,retired,Non-normative file-level summary; exact per-symbol disposition and native targets are defined by docs/sdk/contract-to-native-map.json.,none,normative per-symbol mapping: docs/sdk/contract-to-native-map.json,normative per-symbol mapping: docs/sdk/contract-to-native-map.json,normative per-symbol mapping: docs/sdk/contract-to-native-map.json,dotns-owner,immutable-source:05a91f7f3c8f1c2c3d2d4d333d77d9f64892bc0d:contracts/registrars/IDotnsController.sol,manifest:APPROVED,retired:1,1,docs/evidence/p0-contract-native/architect-semantic-disposition-approval.json,96cd0595fbc89fcd847ee58dd8427aa59bd008c8639b8f82d9bf4d6095b3b5ae,none,forbidden-clean-genesis
dotns:contracts/registrars/IDotnsPopController.sol,https://github.com/paritytech/dotns.git,05a91f7f3c8f1c2c3d2d4d333d77d9f64892bc0d,contracts/registrars/IDotnsPopController.sol,753dcf6e2e909b9d68210f594999a22b4159079d439929bab6539fd503af67fa,MIT,interface,enum:LinkKind;error:AlreadyReserved;error:InvalidBaseLabel;error:InvalidChatKey;error:InvalidLiteLabel;error:LiteLabelNotOwnedByUser;error:NoActiveReservation;error:NoPendingClaim;error:NotGateway;error:NotHolder;error:PendingClaimNotExpired;error:QueueFull;error:ReservationDurationTooLow;event:BaseNameClaimed;event:LiteNameReserved;event:LiteToFullLinked;event:NameRegistered;event:PendingClaimExpired;event:PendingClaimSettled;event:PendingClaimStashed;event:ReservationDurationSet;event:ReservationExpired;event:ReservationHeadAdvanced;event:ReservationQueued;event:ReservationRelinquished;event:StandaloneNameRegistered;field:BaseNameReservation.reservedBaseLabel;field:BaseNameReservation.user;field:BaseReservation.lite;field:BaseReservation.reservedBaseLabel;field:FullRegistration.label;field:FullRegistration.link;field:FullRegistration.user;field:Link.chatKey;field:Link.kind;field:Link.liteLabel;field:LiteRegistration.chatKey;field:LiteRegistration.liteLabel;field:LiteRegistration.user;field:PendingClaim.label;field:PendingClaim.mintedAt;field:ReservationEntry.joinedAt;field:ReservationEntry.owner;field:ReservationQueueMeta.head;field:ReservationQueueMeta.tail;field:UserReservation.index;field:UserReservation.labelhash;function:claimLabelStore;function:claimLabelStoreFor;function:expirePendingClaim;function:expireReservation;function:isReservedForClaim;function:pendingClaimUserCount;function:pendingClaimUsers;function:pendingClaims;function:registerBaseName;function:relinquishReservation;function:reservationEntry;function:reservationMeta;function:reserveBaseName;function:reserveBaseNameOnly;function:reserveLiteName;function:setReservationDuration;function:userReservation;struct:BaseNameReservation;struct:BaseReservation;struct:FullRegistration;struct:Link;struct:LiteRegistration;struct:PendingClaim;struct:ReservationEntry;struct:ReservationQueueMeta;struct:UserReservation,"no contract state variables declared; declarations functions=17, events=13, errors=12, structs=9, fields=21; no *_ROLE constant declared",source token evidence: owner/role=owner,mixed-per-symbol,Non-normative file-level summary; exact per-symbol disposition and native targets are defined by docs/sdk/contract-to-native-map.json.,Dotns,normative per-symbol mapping: docs/sdk/contract-to-native-map.json,normative per-symbol mapping: docs/sdk/contract-to-native-map.json,normative per-symbol mapping: docs/sdk/contract-to-native-map.json,dotns-owner,immutable-source:05a91f7f3c8f1c2c3d2d4d333d77d9f64892bc0d:contracts/registrars/IDotnsPopController.sol,manifest:APPROVED,intentional-change:1;retired:73,1,docs/evidence/p0-contract-native/architect-semantic-disposition-approval.json,96cd0595fbc89fcd847ee58dd8427aa59bd008c8639b8f82d9bf4d6095b3b5ae,none,forbidden-clean-genesis
dotns:contracts/registrars/IDotnsRegistrar.sol,https://github.com/paritytech/dotns.git,05a91f7f3c8f1c2c3d2d4d333d77d9f64892bc0d,contracts/registrars/IDotnsRegistrar.sol,0fa775b9b2dd325b81143da4b89b5af5df4ba3b5228a7a21025cad13f73468c0,MIT,interface,error:EscrowNotConfigured;error:InvalidLabel;error:InvalidOwner;error:NameNotAvailable;error:NotController;error:ProtocolRegistryRequired;error:TransferFeeRequired;error:UnexpectedValue;event:ControllerAdded;event:ControllerRemoved;event:NameRegistered;function:addController;function:available;function:controllers;function:exists;function:labelOf;function:quoteTransferFee;function:register;function:removeController;function:safeTransferFrom;function:transferFrom,"no contract state variables declared; declarations functions=10, events=3, errors=8, structs=0, fields=0; no *_ROLE constant declared",source token evidence: payable/value=payable; fee/deposit/refund/rent=fee; owner/role=owner,mixed-per-symbol,Non-normative file-level summary; exact per-symbol disposition and native targets are defined by docs/sdk/contract-to-native-map.json.,Dotns,normative per-symbol mapping: docs/sdk/contract-to-native-map.json,normative per-symbol mapping: docs/sdk/contract-to-native-map.json,normative per-symbol mapping: docs/sdk/contract-to-native-map.json,dotns-owner,immutable-source:05a91f7f3c8f1c2c3d2d4d333d77d9f64892bc0d:contracts/registrars/IDotnsRegistrar.sol,manifest:APPROVED,intentional-change:15;retired:7,1,docs/evidence/p0-contract-native/architect-semantic-disposition-approval.json,96cd0595fbc89fcd847ee58dd8427aa59bd008c8639b8f82d9bf4d6095b3b5ae,none,forbidden-clean-genesis
dotns:contracts/registrars/IDotnsRegistrarController.sol,https://github.com/paritytech/dotns.git,05a91f7f3c8f1c2c3d2d4d333d77d9f64892bc0d,contracts/registrars/IDotnsRegistrarController.sol,024e88a7a2335e2ab1242647fa0c221ce964a6cd94b4c7cb10fa3bdf4ffc9bf3,MIT,interface,error:CommitmentNotFound;error:CommitmentTooNew;error:CommitmentTooOld;error:EscrowNotConfigured;error:GovernanceReserved;error:InsufficientValue;error:InvalidLabel;error:LabelTooShort;error:MaxCommitmentAgeTooHigh;error:MaxCommitmentAgeTooLow;error:MinCommitmentAgeZero;error:NameNotAvailable;error:NameReserved;error:NotWhiteListedOrOwner;error:OwnerStatusInsufficient;error:UnexpiredCommitmentExists;event:NameCommitted;event:NameRegistered;event:OverpaymentRefunded;event:WhiteListed;field:Registration.label;field:Registration.owner;field:Registration.reserved;field:Registration.secret;function:available;function:commit;function:isWhiteListed;function:makeCommitment;function:register;function:registerReserved;function:whiteListAddress;struct:Registration,"no contract state variables declared; declarations functions=7, events=4, errors=16, structs=1, fields=4; no *_ROLE constant declared","source token evidence: payable/value=payable; fee/deposit/refund/rent=refund,rent; owner/role=owner",mixed-per-symbol,Non-normative file-level summary; exact per-symbol disposition and native targets are defined by docs/sdk/contract-to-native-map.json.,Dotns,normative per-symbol mapping: docs/sdk/contract-to-native-map.json,normative per-symbol mapping: docs/sdk/contract-to-native-map.json,normative per-symbol mapping: docs/sdk/contract-to-native-map.json,dotns-owner,immutable-source:05a91f7f3c8f1c2c3d2d4d333d77d9f64892bc0d:contracts/registrars/IDotnsRegistrarController.sol,manifest:APPROVED,intentional-change:10;retired:23,1,docs/evidence/p0-contract-native/architect-semantic-disposition-approval.json,96cd0595fbc89fcd847ee58dd8427aa59bd008c8639b8f82d9bf4d6095b3b5ae,none,forbidden-clean-genesis
dotns:contracts/registrars/RootGatewayDispatcher.sol,https://github.com/paritytech/dotns.git,05a91f7f3c8f1c2c3d2d4d333d77d9f64892bc0d,contracts/registrars/RootGatewayDispatcher.sol,fb500314d437dfe995a57722b4a7d24bc62c5f83d493205b296673e9c52b4a3d,MIT,contract,error:NotRoot;function:constructor;function:fallback;state:TARGET,"declares immutable TARGET, NotRoot, constructor and fallback; fallback calls ISystem.callerIsRoot then TARGET.call(msg.data)",fallback is non-payable and bubbles target revert/return bytes; no name registry state is declared,retired,Non-normative file-level summary; exact per-symbol disposition and native targets are defined by docs/sdk/contract-to-native-map.json.,none,normative per-symbol mapping: docs/sdk/contract-to-native-map.json,normative per-symbol mapping: docs/sdk/contract-to-native-map.json,normative per-symbol mapping: docs/sdk/contract-to-native-map.json,dotns-owner,immutable-source:05a91f7f3c8f1c2c3d2d4d333d77d9f64892bc0d:contracts/registrars/RootGatewayDispatcher.sol,manifest:APPROVED,retired:5,1,docs/evidence/p0-contract-native/architect-semantic-disposition-approval.json,96cd0595fbc89fcd847ee58dd8427aa59bd008c8639b8f82d9bf4d6095b3b5ae,none,forbidden-clean-genesis
dotns:contracts/registry/DotnsProtocolRegistry.sol,https://github.com/paritytech/dotns.git,05a91f7f3c8f1c2c3d2d4d333d77d9f64892bc0d,contracts/registry/DotnsProtocolRegistry.sol,b2e2341f38b666a67bc3599b95e10ed61d63f82c00f41427111e171a6786fba3,MIT,contract,function:_authorizeUpgrade;function:constructor;function:get;function:initialize;function:isRegisteredAddress;function:set;function:version;state:__gap;state:_addresses;state:_registeredRefcount,"declared state variables: __gap, _addresses, _registeredRefcount; API declares get/set/isRegisteredAddress plus AddressUpdated/ZeroAddress where defined",concrete registry set mutates bytes32-to-address mapping and address refcounts under onlyOwner; initialize/UUPS/version exist only in implementation,retired,Non-normative file-level summary; exact per-symbol disposition and native targets are defined by docs/sdk/contract-to-native-map.json.,none,normative per-symbol mapping: docs/sdk/contract-to-native-map.json,normative per-symbol mapping: docs/sdk/contract-to-native-map.json,normative per-symbol mapping: docs/sdk/contract-to-native-map.json,dotns-owner,immutable-source:05a91f7f3c8f1c2c3d2d4d333d77d9f64892bc0d:contracts/registry/DotnsProtocolRegistry.sol,manifest:APPROVED,retired:11,1,docs/evidence/p0-contract-native/architect-semantic-disposition-approval.json,96cd0595fbc89fcd847ee58dd8427aa59bd008c8639b8f82d9bf4d6095b3b5ae,none,forbidden-clean-genesis
dotns:contracts/registry/DotnsRegistry.sol,https://github.com/paritytech/dotns.git,05a91f7f3c8f1c2c3d2d4d333d77d9f64892bc0d,contracts/registry/DotnsRegistry.sol,76b262bf70f18c17d7b7bf553f018955bd8fb33d29c5f43604a6bdcfa37169b8,MIT,contract,function:_authorised;function:_authorizeUpgrade;function:_isAuthorised;function:_onlyRegistrarController;function:_parentNamehash;function:_writeSubnodeToStore;function:constructor;function:initialize;function:isAuthorised;function:owner;function:recordExists;function:resolver;function:setOwner;function:setResolver;function:setSubnodeOwner;function:setSubnodeResolver;function:version;modifier:authorised;modifier:onlyRegistrarController;state:__gap;state:protocolRegistry;state:records,"declared contract state: __gap, protocolRegistry, records; declarations functions=17, events=0, errors=0, structs=0, fields=0; no *_ROLE constant declared","source token evidence: fee/deposit/refund/rent=rent; owner/role=owner; initialize/upgrade=initialize,upgrade",mixed-per-symbol,Non-normative file-level summary; exact per-symbol disposition and native targets are defined by docs/sdk/contract-to-native-map.json.,Dotns,normative per-symbol mapping: docs/sdk/contract-to-native-map.json,normative per-symbol mapping: docs/sdk/contract-to-native-map.json,normative per-symbol mapping: docs/sdk/contract-to-native-map.json,dotns-owner,immutable-source:05a91f7f3c8f1c2c3d2d4d333d77d9f64892bc0d:contracts/registry/DotnsRegistry.sol,manifest:APPROVED,intentional-change:2;retired:21,1,docs/evidence/p0-contract-native/architect-semantic-disposition-approval.json,96cd0595fbc89fcd847ee58dd8427aa59bd008c8639b8f82d9bf4d6095b3b5ae,none,forbidden-clean-genesis
dotns:contracts/registry/IDotnsProtocolRegistry.sol,https://github.com/paritytech/dotns.git,05a91f7f3c8f1c2c3d2d4d333d77d9f64892bc0d,contracts/registry/IDotnsProtocolRegistry.sol,e3262bf1b3be38d74b73ac002d3f708268bfad208bfb3da4a488662d1251fce8,MIT,interface,error:ZeroAddress;event:AddressUpdated;function:get;function:isRegisteredAddress;function:set,declared state variables: none; API declares get/set/isRegisteredAddress plus AddressUpdated/ZeroAddress where defined,concrete registry set mutates bytes32-to-address mapping and address refcounts under onlyOwner; initialize/UUPS/version exist only in implementation,retired,Non-normative file-level summary; exact per-symbol disposition and native targets are defined by docs/sdk/contract-to-native-map.json.,none,normative per-symbol mapping: docs/sdk/contract-to-native-map.json,normative per-symbol mapping: docs/sdk/contract-to-native-map.json,normative per-symbol mapping: docs/sdk/contract-to-native-map.json,dotns-owner,immutable-source:05a91f7f3c8f1c2c3d2d4d333d77d9f64892bc0d:contracts/registry/IDotnsProtocolRegistry.sol,manifest:APPROVED,retired:6,1,docs/evidence/p0-contract-native/architect-semantic-disposition-approval.json,96cd0595fbc89fcd847ee58dd8427aa59bd008c8639b8f82d9bf4d6095b3b5ae,none,forbidden-clean-genesis
dotns:contracts/registry/IDotnsRegistry.sol,https://github.com/paritytech/dotns.git,05a91f7f3c8f1c2c3d2d4d333d77d9f64892bc0d,contracts/registry/IDotnsRegistry.sol,9ba27bef16a26046099f3f74d162be02ce9b00d6607b32091afc313e8ece7235,MIT,interface,error:InvalidLabel;error:NodeAlreadyOwned;error:NotAllowed;error:NotAuthorised;error:NotRegistryController;error:ParentLabelMismatch;event:NewOwner;event:NewResolver;event:NodeTransferred;field:Record.exists;field:Record.owner;field:Record.resolver;field:SubnodeRecord.owner;field:SubnodeRecord.parentLabel;field:SubnodeRecord.parentNode;field:SubnodeRecord.subLabel;field:SubnodeResolverRecord.parentLabel;field:SubnodeResolverRecord.parentNode;field:SubnodeResolverRecord.resolver;field:SubnodeResolverRecord.subLabel;function:isAuthorised;function:owner;function:recordExists;function:resolver;function:setOwner;function:setResolver;function:setSubnodeOwner;function:setSubnodeResolver;struct:Record;struct:SubnodeRecord;struct:SubnodeResolverRecord,"no contract state variables declared; declarations functions=8, events=3, errors=6, structs=3, fields=11; no *_ROLE constant declared",source token evidence: fee/deposit/refund/rent=rent; owner/role=owner,mixed-per-symbol,Non-normative file-level summary; exact per-symbol disposition and native targets are defined by docs/sdk/contract-to-native-map.json.,Dotns,normative per-symbol mapping: docs/sdk/contract-to-native-map.json,normative per-symbol mapping: docs/sdk/contract-to-native-map.json,normative per-symbol mapping: docs/sdk/contract-to-native-map.json,dotns-owner,immutable-source:05a91f7f3c8f1c2c3d2d4d333d77d9f64892bc0d:contracts/registry/IDotnsRegistry.sol,manifest:APPROVED,intentional-change:4;retired:28,1,docs/evidence/p0-contract-native/architect-semantic-disposition-approval.json,96cd0595fbc89fcd847ee58dd8427aa59bd008c8639b8f82d9bf4d6095b3b5ae,none,forbidden-clean-genesis
dotns:contracts/resolvers/DotnsContentResolver.sol,https://github.com/paritytech/dotns.git,05a91f7f3c8f1c2c3d2d4d333d77d9f64892bc0d,contracts/resolvers/DotnsContentResolver.sol,d8c3d9f52cadc2a0a97e3d5449e47b4bbc4fe6ea5da82235c58639c121ca7d91,MIT,contract,function:_authorizeUpgrade;function:_requireNodeOwnerOrOperator;function:constructor;function:contenthash;function:initialize;function:isApprovedForAll;function:setApprovalForAll;function:setContenthash;function:setText;function:supportsInterface;function:text;function:version;state:__gap;state:contenthashes;state:operators;state:protocolRegistry;state:textRecords,"declared contract state: __gap, contenthashes, operators, protocolRegistry, textRecords; declarations functions=12, events=0, errors=0, structs=0, fields=0; no *_ROLE constant declared","source token evidence: owner/role=owner; initialize/upgrade=initialize,upgrade",mixed-per-symbol,Non-normative file-level summary; exact per-symbol disposition and native targets are defined by docs/sdk/contract-to-native-map.json.,Dotns,normative per-symbol mapping: docs/sdk/contract-to-native-map.json,normative per-symbol mapping: docs/sdk/contract-to-native-map.json,normative per-symbol mapping: docs/sdk/contract-to-native-map.json,dotns-owner,immutable-source:05a91f7f3c8f1c2c3d2d4d333d77d9f64892bc0d:contracts/resolvers/DotnsContentResolver.sol,manifest:APPROVED,intentional-change:4;retired:14,1,docs/evidence/p0-contract-native/architect-semantic-disposition-approval.json,96cd0595fbc89fcd847ee58dd8427aa59bd008c8639b8f82d9bf4d6095b3b5ae,none,forbidden-clean-genesis
dotns:contracts/resolvers/DotnsPopResolver.sol,https://github.com/paritytech/dotns.git,05a91f7f3c8f1c2c3d2d4d333d77d9f64892bc0d,contracts/resolvers/DotnsPopResolver.sol,9065af7a9ea19ee048eded818264c80b86409a3f3ea7f0f022d76955a22137f3,MIT,contract,function:_authorizeUpgrade;function:_onlyPopController;function:chatKey;function:constructor;function:fullClaim;function:initialize;function:liteLink;function:setChatKey;function:setLiteLink;function:supportsInterface;function:version;modifier:onlyPopController;state:__gap;state:_chatKeys;state:_fullClaims;state:_liteLinks;state:protocolRegistry,"declared contract state: __gap, _chatKeys, _fullClaims, _liteLinks, protocolRegistry; declarations functions=11, events=0, errors=0, structs=0, fields=0; no *_ROLE constant declared","source token evidence: owner/role=owner; initialize/upgrade=initialize,upgrade",retired,Non-normative file-level summary; exact per-symbol disposition and native targets are defined by docs/sdk/contract-to-native-map.json.,none,normative per-symbol mapping: docs/sdk/contract-to-native-map.json,normative per-symbol mapping: docs/sdk/contract-to-native-map.json,normative per-symbol mapping: docs/sdk/contract-to-native-map.json,dotns-owner,immutable-source:05a91f7f3c8f1c2c3d2d4d333d77d9f64892bc0d:contracts/resolvers/DotnsPopResolver.sol,manifest:APPROVED,retired:18,1,docs/evidence/p0-contract-native/architect-semantic-disposition-approval.json,96cd0595fbc89fcd847ee58dd8427aa59bd008c8639b8f82d9bf4d6095b3b5ae,none,forbidden-clean-genesis
dotns:contracts/resolvers/DotnsResolver.sol,https://github.com/paritytech/dotns.git,05a91f7f3c8f1c2c3d2d4d333d77d9f64892bc0d,contracts/resolvers/DotnsResolver.sol,64611196c77a6e4a12c5c0e2ba689a0c5130c53748d51cbf6cbc68b63831223a,MIT,contract,function:_authorizeUpgrade;function:_onlyNodeOwner;function:addressOf;function:constructor;function:initialize;function:setAddress;function:supportsInterface;function:version;modifier:onlyNodeOwner;state:__gap;state:addresses;state:protocolRegistry,"declared contract state: __gap, addresses, protocolRegistry; declarations functions=8, events=0, errors=0, structs=0, fields=0; no *_ROLE constant declared","source token evidence: owner/role=owner; initialize/upgrade=initialize,upgrade",mixed-per-symbol,Non-normative file-level summary; exact per-symbol disposition and native targets are defined by docs/sdk/contract-to-native-map.json.,Dotns,normative per-symbol mapping: docs/sdk/contract-to-native-map.json,normative per-symbol mapping: docs/sdk/contract-to-native-map.json,normative per-symbol mapping: docs/sdk/contract-to-native-map.json,dotns-owner,immutable-source:05a91f7f3c8f1c2c3d2d4d333d77d9f64892bc0d:contracts/resolvers/DotnsResolver.sol,manifest:APPROVED,intentional-change:1;retired:12,1,docs/evidence/p0-contract-native/architect-semantic-disposition-approval.json,96cd0595fbc89fcd847ee58dd8427aa59bd008c8639b8f82d9bf4d6095b3b5ae,none,forbidden-clean-genesis
dotns:contracts/resolvers/DotnsReverseResolver.sol,https://github.com/paritytech/dotns.git,05a91f7f3c8f1c2c3d2d4d333d77d9f64892bc0d,contracts/resolvers/DotnsReverseResolver.sol,1216f82b5ed3847c0fcf3fe6339b6abc9d30a9ff7d42ad186d9bde0f5b0377a7,MIT,contract,function:_authorizeUpgrade;function:_onlyRegistrar;function:claimReverseRecord;function:constructor;function:initialize;function:nameOf;function:setReverseName;function:supportsInterface;function:version;modifier:onlyRegistrar;state:__gap;state:protocolRegistry;state:reverseNames,"declared contract state: __gap, protocolRegistry, reverseNames; declarations functions=9, events=0, errors=0, structs=0, fields=0; no *_ROLE constant declared","source token evidence: fee/deposit/refund/rent=rent; owner/role=owner; initialize/upgrade=initialize,upgrade",retired,Non-normative file-level summary; exact per-symbol disposition and native targets are defined by docs/sdk/contract-to-native-map.json.,none,normative per-symbol mapping: docs/sdk/contract-to-native-map.json,normative per-symbol mapping: docs/sdk/contract-to-native-map.json,normative per-symbol mapping: docs/sdk/contract-to-native-map.json,dotns-owner,immutable-source:05a91f7f3c8f1c2c3d2d4d333d77d9f64892bc0d:contracts/resolvers/DotnsReverseResolver.sol,manifest:APPROVED,retired:14,1,docs/evidence/p0-contract-native/architect-semantic-disposition-approval.json,96cd0595fbc89fcd847ee58dd8427aa59bd008c8639b8f82d9bf4d6095b3b5ae,none,forbidden-clean-genesis
dotns:contracts/resolvers/IDotnsContentResolver.sol,https://github.com/paritytech/dotns.git,05a91f7f3c8f1c2c3d2d4d333d77d9f64892bc0d,contracts/resolvers/IDotnsContentResolver.sol,4ccbbe4f533c9051de0d08b62b4c9df9a52a6f46869556c65eb6633b3953048d,MIT,interface,error:NotAuthorised;event:ApprovalForAll;event:ContentHashUpdated;event:TextUpdated;function:contenthash;function:isApprovedForAll;function:setApprovalForAll;function:setContenthash;function:setText;function:text,"no contract state variables declared; declarations functions=6, events=3, errors=1, structs=0, fields=0; no *_ROLE constant declared",source token evidence: owner/role=owner,mixed-per-symbol,Non-normative file-level summary; exact per-symbol disposition and native targets are defined by docs/sdk/contract-to-native-map.json.,Dotns,normative per-symbol mapping: docs/sdk/contract-to-native-map.json,normative per-symbol mapping: docs/sdk/contract-to-native-map.json,normative per-symbol mapping: docs/sdk/contract-to-native-map.json,dotns-owner,immutable-source:05a91f7f3c8f1c2c3d2d4d333d77d9f64892bc0d:contracts/resolvers/IDotnsContentResolver.sol,manifest:APPROVED,intentional-change:4;retired:7,1,docs/evidence/p0-contract-native/architect-semantic-disposition-approval.json,96cd0595fbc89fcd847ee58dd8427aa59bd008c8639b8f82d9bf4d6095b3b5ae,none,forbidden-clean-genesis
dotns:contracts/resolvers/IDotnsPopResolver.sol,https://github.com/paritytech/dotns.git,05a91f7f3c8f1c2c3d2d4d333d77d9f64892bc0d,contracts/resolvers/IDotnsPopResolver.sol,d8172324b879f3c05caaa5fe3f88ae695f43347bd65a35a422a8d0e133111106,MIT,interface,error:InvalidChatKeyLength;error:NotPopController;event:ChatKeyUpdated;event:LiteLinkUpdated;function:chatKey;function:fullClaim;function:liteLink;function:setChatKey;function:setLiteLink,"no contract state variables declared; declarations functions=5, events=2, errors=2, structs=0, fields=0; no *_ROLE constant declared",source token evidence: none of the audited lifecycle/economic token groups,retired,Non-normative file-level summary; exact per-symbol disposition and native targets are defined by docs/sdk/contract-to-native-map.json.,none,normative per-symbol mapping: docs/sdk/contract-to-native-map.json,normative per-symbol mapping: docs/sdk/contract-to-native-map.json,normative per-symbol mapping: docs/sdk/contract-to-native-map.json,dotns-owner,immutable-source:05a91f7f3c8f1c2c3d2d4d333d77d9f64892bc0d:contracts/resolvers/IDotnsPopResolver.sol,manifest:APPROVED,retired:10,1,docs/evidence/p0-contract-native/architect-semantic-disposition-approval.json,96cd0595fbc89fcd847ee58dd8427aa59bd008c8639b8f82d9bf4d6095b3b5ae,none,forbidden-clean-genesis
dotns:contracts/resolvers/IDotnsResolver.sol,https://github.com/paritytech/dotns.git,05a91f7f3c8f1c2c3d2d4d333d77d9f64892bc0d,contracts/resolvers/IDotnsResolver.sol,2d75bc9161178af7498581694613a3597229288f1bbccf17a04e39881141baf5,MIT,interface,error:NotAuthorised;event:AddressSet;function:addressOf;function:setAddress,"no contract state variables declared; declarations functions=2, events=1, errors=1, structs=0, fields=0; no *_ROLE constant declared",source token evidence: none of the audited lifecycle/economic token groups,mixed-per-symbol,Non-normative file-level summary; exact per-symbol disposition and native targets are defined by docs/sdk/contract-to-native-map.json.,Dotns,normative per-symbol mapping: docs/sdk/contract-to-native-map.json,normative per-symbol mapping: docs/sdk/contract-to-native-map.json,normative per-symbol mapping: docs/sdk/contract-to-native-map.json,dotns-owner,immutable-source:05a91f7f3c8f1c2c3d2d4d333d77d9f64892bc0d:contracts/resolvers/IDotnsResolver.sol,manifest:APPROVED,intentional-change:2;retired:3,1,docs/evidence/p0-contract-native/architect-semantic-disposition-approval.json,96cd0595fbc89fcd847ee58dd8427aa59bd008c8639b8f82d9bf4d6095b3b5ae,none,forbidden-clean-genesis
dotns:contracts/resolvers/IDotnsReverseResolver.sol,https://github.com/paritytech/dotns.git,05a91f7f3c8f1c2c3d2d4d333d77d9f64892bc0d,contracts/resolvers/IDotnsReverseResolver.sol,19259e21ecd32ce5d703df0b99d8452bcfcfa9ea0846b3f55aaf2b8983d4530e,MIT,interface,error:NotNameOwner;error:NotRegistrarController;event:ReverseNameSet;function:claimReverseRecord;function:nameOf;function:setReverseName,"no contract state variables declared; declarations functions=3, events=1, errors=2, structs=0, fields=0; no *_ROLE constant declared",source token evidence: owner/role=owner,retired,Non-normative file-level summary; exact per-symbol disposition and native targets are defined by docs/sdk/contract-to-native-map.json.,none,normative per-symbol mapping: docs/sdk/contract-to-native-map.json,normative per-symbol mapping: docs/sdk/contract-to-native-map.json,normative per-symbol mapping: docs/sdk/contract-to-native-map.json,dotns-owner,immutable-source:05a91f7f3c8f1c2c3d2d4d333d77d9f64892bc0d:contracts/resolvers/IDotnsReverseResolver.sol,manifest:APPROVED,retired:7,1,docs/evidence/p0-contract-native/architect-semantic-disposition-approval.json,96cd0595fbc89fcd847ee58dd8427aa59bd008c8639b8f82d9bf4d6095b3b5ae,none,forbidden-clean-genesis
dotns:contracts/store/IDotnsStore.sol,https://github.com/paritytech/dotns.git,05a91f7f3c8f1c2c3d2d4d333d77d9f64892bc0d,contracts/store/IDotnsStore.sol,508ceeb58d9728c18892548885fe2b1b0b0144fade0e4876a1e00f6555459679,MIT,interface,function:owner,"no contract state variables declared; declarations functions=1, events=0, errors=0, structs=0, fields=0; no *_ROLE constant declared",source token evidence: owner/role=owner,retired,Non-normative file-level summary; exact per-symbol disposition and native targets are defined by docs/sdk/contract-to-native-map.json.,none,normative per-symbol mapping: docs/sdk/contract-to-native-map.json,normative per-symbol mapping: docs/sdk/contract-to-native-map.json,normative per-symbol mapping: docs/sdk/contract-to-native-map.json,dotns-owner,immutable-source:05a91f7f3c8f1c2c3d2d4d333d77d9f64892bc0d:contracts/store/IDotnsStore.sol,manifest:APPROVED,retired:2,1,docs/evidence/p0-contract-native/architect-semantic-disposition-approval.json,96cd0595fbc89fcd847ee58dd8427aa59bd008c8639b8f82d9bf4d6095b3b5ae,none,forbidden-clean-genesis
dotns:contracts/store/ILabelStore.sol,https://github.com/paritytech/dotns.git,05a91f7f3c8f1c2c3d2d4d333d77d9f64892bc0d,contracts/store/ILabelStore.sol,cbfd409b1106cb55badd8915bf8f136771aeaaf1f07da60178ddc5fb85d2de9a,MIT,interface,error:InvalidLabel;error:InvalidProtocolRegistry;error:InvalidUser;error:LabelAlreadyExists;error:NotAuthorised;event:LabelStored;function:getLabel;function:getLabelAt;function:getLabelCount;function:getLabelhashAt;function:getLabelhashes;function:getLabels;function:hasLabel;function:initialize;function:isLocked;function:protocolRegistry;function:storeLabel,"no contract state variables declared; declarations functions=11, events=1, errors=5, structs=0, fields=0; no *_ROLE constant declared",source token evidence: owner/role=owner; initialize/upgrade=initialize,retired,Non-normative file-level summary; exact per-symbol disposition and native targets are defined by docs/sdk/contract-to-native-map.json.,none,normative per-symbol mapping: docs/sdk/contract-to-native-map.json,normative per-symbol mapping: docs/sdk/contract-to-native-map.json,normative per-symbol mapping: docs/sdk/contract-to-native-map.json,dotns-owner,immutable-source:05a91f7f3c8f1c2c3d2d4d333d77d9f64892bc0d:contracts/store/ILabelStore.sol,manifest:APPROVED,retired:18,1,docs/evidence/p0-contract-native/architect-semantic-disposition-approval.json,96cd0595fbc89fcd847ee58dd8427aa59bd008c8639b8f82d9bf4d6095b3b5ae,none,forbidden-clean-genesis
dotns:contracts/store/IStoreFactory.sol,https://github.com/paritytech/dotns.git,05a91f7f3c8f1c2c3d2d4d333d77d9f64892bc0d,contracts/store/IStoreFactory.sol,fd376540ac824db36060399d9c29b117104434a8b7648a51802d6887bd2e486a,MIT,interface,error:AlreadyDeployed;error:ImplementationBindingMismatch;error:InvalidImplementation;error:InvalidProtocolRegistry;error:InvalidUser;error:NotAuthorised;event:LabelStoreDeployed;event:LabelStoreImplementationUpgraded;event:UserStoreClaimed;event:UserStoreImplementationUpgraded;function:claimUserStore;function:deployLabelStoreFor;function:getLabelStore;function:getLabelStoreCount;function:getLabelStores;function:getUserStore;function:getUserStoreCount;function:getUserStores;function:labelStoreBeacon;function:protocolRegistry;function:upgradeLabelStoreImplementation;function:upgradeUserStoreImplementation;function:userStoreBeacon,"no contract state variables declared; declarations functions=13, events=4, errors=6, structs=0, fields=0; no *_ROLE constant declared",source token evidence: proxy/beacon/precompile=beacon; initialize/upgrade=upgrade,retired,Non-normative file-level summary; exact per-symbol disposition and native targets are defined by docs/sdk/contract-to-native-map.json.,none,normative per-symbol mapping: docs/sdk/contract-to-native-map.json,normative per-symbol mapping: docs/sdk/contract-to-native-map.json,normative per-symbol mapping: docs/sdk/contract-to-native-map.json,dotns-owner,immutable-source:05a91f7f3c8f1c2c3d2d4d333d77d9f64892bc0d:contracts/store/IStoreFactory.sol,manifest:APPROVED,retired:24,1,docs/evidence/p0-contract-native/architect-semantic-disposition-approval.json,96cd0595fbc89fcd847ee58dd8427aa59bd008c8639b8f82d9bf4d6095b3b5ae,none,forbidden-clean-genesis
dotns:contracts/store/IUserStore.sol,https://github.com/paritytech/dotns.git,05a91f7f3c8f1c2c3d2d4d333d77d9f64892bc0d,contracts/store/IUserStore.sol,78b7fbe92eb029bf12200480989a8037598c6790c547167d6f91f2ded5d7b0a5,MIT,interface,error:InvalidKey;error:InvalidUser;error:NotOwner;event:ValueSet;field:Entry.timestamp;field:Entry.value;function:getHistory;function:getHistoryAt;function:getHistoryCount;function:getKeyAt;function:getKeyCount;function:getKeys;function:getValue;function:hasValue;function:initialize;function:setValue;struct:Entry,"no contract state variables declared; declarations functions=10, events=1, errors=3, structs=1, fields=2; no *_ROLE constant declared",source token evidence: time/expiry/revoke=timestamp; owner/role=owner; initialize/upgrade=initialize,retired,Non-normative file-level summary; exact per-symbol disposition and native targets are defined by docs/sdk/contract-to-native-map.json.,none,normative per-symbol mapping: docs/sdk/contract-to-native-map.json,normative per-symbol mapping: docs/sdk/contract-to-native-map.json,normative per-symbol mapping: docs/sdk/contract-to-native-map.json,dotns-owner,immutable-source:05a91f7f3c8f1c2c3d2d4d333d77d9f64892bc0d:contracts/store/IUserStore.sol,manifest:APPROVED,retired:18,1,docs/evidence/p0-contract-native/architect-semantic-disposition-approval.json,96cd0595fbc89fcd847ee58dd8427aa59bd008c8639b8f82d9bf4d6095b3b5ae,none,forbidden-clean-genesis
dotns:contracts/store/LabelStore.sol,https://github.com/paritytech/dotns.git,05a91f7f3c8f1c2c3d2d4d333d77d9f64892bc0d,contracts/store/LabelStore.sol,2c727c87b6f02b569fdb847bb300c77ad22b666428fe97c7fc5d62172477d583,MIT,contract,function:_onlyAuthorisedProtocol;function:constructor;function:getLabel;function:getLabelAt;function:getLabelCount;function:getLabelhashAt;function:getLabelhashes;function:getLabels;function:hasLabel;function:initialize;function:isLocked;function:owner;function:protocolRegistry;function:storeLabel;function:version;modifier:onlyAuthorisedProtocol;state:__gap;state:_labelIndex;state:_labelList;state:_labels;state:_owner;state:_protocolRegistry,"declared contract state: __gap, _labelIndex, _labelList, _labels, _owner, _protocolRegistry; declarations functions=15, events=0, errors=0, structs=0, fields=0; no *_ROLE constant declared",source token evidence: owner/role=owner; initialize/upgrade=initialize,retired,Non-normative file-level summary; exact per-symbol disposition and native targets are defined by docs/sdk/contract-to-native-map.json.,none,normative per-symbol mapping: docs/sdk/contract-to-native-map.json,normative per-symbol mapping: docs/sdk/contract-to-native-map.json,normative per-symbol mapping: docs/sdk/contract-to-native-map.json,dotns-owner,immutable-source:05a91f7f3c8f1c2c3d2d4d333d77d9f64892bc0d:contracts/store/LabelStore.sol,manifest:APPROVED,retired:23,1,docs/evidence/p0-contract-native/architect-semantic-disposition-approval.json,96cd0595fbc89fcd847ee58dd8427aa59bd008c8639b8f82d9bf4d6095b3b5ae,none,forbidden-clean-genesis
dotns:contracts/store/StoreFactory.sol,https://github.com/paritytech/dotns.git,05a91f7f3c8f1c2c3d2d4d333d77d9f64892bc0d,contracts/store/StoreFactory.sol,746b93c30c9163ff3451575a9dfeade6c6d11c66f7fc4ffc9556c6e4948d007c,MIT,contract,function:_onlyOwnerOrProtocol;function:_paginateAddresses;function:claimUserStore;function:constructor;function:deployLabelStoreFor;function:getLabelStore;function:getLabelStoreCount;function:getLabelStores;function:getUserStore;function:getUserStoreCount;function:getUserStores;function:upgradeLabelStoreImplementation;function:upgradeUserStoreImplementation;function:version;modifier:onlyOwnerOrProtocol;state:_labelStoreList;state:_labelStores;state:_userStoreList;state:_userStores;state:labelStoreBeacon;state:protocolRegistry;state:userStoreBeacon,"declared contract state: _labelStoreList, _labelStores, _userStoreList, _userStores, labelStoreBeacon, protocolRegistry, userStoreBeacon; declarations functions=14, events=0, errors=0, structs=0, fields=0; no *_ROLE constant declared","source token evidence: owner/role=owner; proxy/beacon/precompile=beacon,proxy; initialize/upgrade=initialize,upgrade",retired,Non-normative file-level summary; exact per-symbol disposition and native targets are defined by docs/sdk/contract-to-native-map.json.,none,normative per-symbol mapping: docs/sdk/contract-to-native-map.json,normative per-symbol mapping: docs/sdk/contract-to-native-map.json,normative per-symbol mapping: docs/sdk/contract-to-native-map.json,dotns-owner,immutable-source:05a91f7f3c8f1c2c3d2d4d333d77d9f64892bc0d:contracts/store/StoreFactory.sol,manifest:APPROVED,retired:23,1,docs/evidence/p0-contract-native/architect-semantic-disposition-approval.json,96cd0595fbc89fcd847ee58dd8427aa59bd008c8639b8f82d9bf4d6095b3b5ae,none,forbidden-clean-genesis
dotns:contracts/store/UserStore.sol,https://github.com/paritytech/dotns.git,05a91f7f3c8f1c2c3d2d4d333d77d9f64892bc0d,contracts/store/UserStore.sol,564022cc95de4c0862471482acc2460a80c43cb597b91d795a93f6b37e463a21,MIT,contract,function:_onlyOwner;function:constructor;function:getHistory;function:getHistoryAt;function:getHistoryCount;function:getKeyAt;function:getKeyCount;function:getKeys;function:getValue;function:hasValue;function:initialize;function:owner;function:setValue;function:version;modifier:onlyOwner;state:__gap;state:_current;state:_history;state:_keyIndex;state:_keyList;state:_owner,"declared contract state: __gap, _current, _history, _keyIndex, _keyList, _owner; declarations functions=14, events=0, errors=0, structs=0, fields=0; no *_ROLE constant declared",source token evidence: fee/deposit/refund/rent=rent; time/expiry/revoke=timestamp; owner/role=owner; initialize/upgrade=initialize,retired,Non-normative file-level summary; exact per-symbol disposition and native targets are defined by docs/sdk/contract-to-native-map.json.,none,normative per-symbol mapping: docs/sdk/contract-to-native-map.json,normative per-symbol mapping: docs/sdk/contract-to-native-map.json,normative per-symbol mapping: docs/sdk/contract-to-native-map.json,dotns-owner,immutable-source:05a91f7f3c8f1c2c3d2d4d333d77d9f64892bc0d:contracts/store/UserStore.sol,manifest:APPROVED,retired:22,1,docs/evidence/p0-contract-native/architect-semantic-disposition-approval.json,96cd0595fbc89fcd847ee58dd8427aa59bd008c8639b8f82d9bf4d6095b3b5ae,none,forbidden-clean-genesis
dotns:contracts/utils/DotnsConstants.sol,https://github.com/paritytech/dotns.git,05a91f7f3c8f1c2c3d2d4d333d77d9f64892bc0d,contracts/utils/DotnsConstants.sol,c11a7c235b4b5e8dacb9ab682bde532bf6cc1efd825309daf1d1bb3ce7517900,MIT,library,state:CONTENT_RESOLVER;state:CONTROLLER;state:CREATE3_FACTORY;state:DOT_NODE;state:MULTICALL3;state:NAME_ESCROW;state:PERSONHOOD;state:PERSONHOOD_CONTEXT;state:POP_CONTROLLER;state:POP_GATEWAY;state:POP_RESOLVER;state:POP_RULES;state:REGISTRAR;state:REGISTRY;state:RENT_PRICE;state:RESOLVER;state:REVERSE_RESOLVER;state:REVIVE_SYSTEM;state:STORE_FACTORY;state:TLD;state:WHITELIST_OPERATOR_ROLE,"declared contract state: CONTENT_RESOLVER, CONTROLLER, CREATE3_FACTORY, DOT_NODE, MULTICALL3, NAME_ESCROW, PERSONHOOD, PERSONHOOD_CONTEXT, POP_CONTROLLER, POP_GATEWAY, POP_RESOLVER, POP_RULES, REGISTRAR, REGISTRY, RENT_PRICE, RESOLVER, REVERSE_RESOLVER, REVIVE_SYSTEM, STORE_FACTORY, TLD, WHITELIST_OPERATOR_ROLE; declarations functions=0, events=0, errors=0, structs=0, fields=0; role constants: WHITELIST_OPERATOR_ROLE",source token evidence: fee/deposit/refund/rent=rent; owner/role=role; batch/multi=multi,retired,Non-normative file-level summary; exact per-symbol disposition and native targets are defined by docs/sdk/contract-to-native-map.json.,none,normative per-symbol mapping: docs/sdk/contract-to-native-map.json,normative per-symbol mapping: docs/sdk/contract-to-native-map.json,normative per-symbol mapping: docs/sdk/contract-to-native-map.json,dotns-owner,immutable-source:05a91f7f3c8f1c2c3d2d4d333d77d9f64892bc0d:contracts/utils/DotnsConstants.sol,manifest:APPROVED,retired:22,1,docs/evidence/p0-contract-native/architect-semantic-disposition-approval.json,96cd0595fbc89fcd847ee58dd8427aa59bd008c8639b8f82d9bf4d6095b3b5ae,none,forbidden-clean-genesis
dotns:contracts/utils/LabelUtils.sol,https://github.com/paritytech/dotns.git,05a91f7f3c8f1c2c3d2d4d333d77d9f64892bc0d,contracts/utils/LabelUtils.sol,f58870da5b9c579e064bc234ab85f394d45dc10fc8415e02431bb8b1d03b2d1d,MIT,library,function:deriveNode;function:labelhash;function:labelhashMemory;function:namehash;function:namehashUnder;function:stripDotTld,"no contract state variables declared; declarations functions=6, events=0, errors=0, structs=0, fields=0; no *_ROLE constant declared",source token evidence: fee/deposit/refund/rent=rent,retired,Non-normative file-level summary; exact per-symbol disposition and native targets are defined by docs/sdk/contract-to-native-map.json.,none,normative per-symbol mapping: docs/sdk/contract-to-native-map.json,normative per-symbol mapping: docs/sdk/contract-to-native-map.json,normative per-symbol mapping: docs/sdk/contract-to-native-map.json,dotns-owner,immutable-source:05a91f7f3c8f1c2c3d2d4d333d77d9f64892bc0d:contracts/utils/LabelUtils.sol,manifest:APPROVED,retired:7,1,docs/evidence/p0-contract-native/architect-semantic-disposition-approval.json,96cd0595fbc89fcd847ee58dd8427aa59bd008c8639b8f82d9bf4d6095b3b5ae,none,forbidden-clean-genesis
dotns:contracts/utils/Multicall3.sol,https://github.com/paritytech/dotns.git,05a91f7f3c8f1c2c3d2d4d333d77d9f64892bc0d,contracts/utils/Multicall3.sol,8a19ff061effc84df1990abf68dafd2d6f6cb0456916b8a623c83cb08648ea23,MIT,contract,field:Call.callData;field:Call.target;field:Call3.allowFailure;field:Call3.callData;field:Call3.target;field:Call3Value.allowFailure;field:Call3Value.callData;field:Call3Value.target;field:Call3Value.value;field:Result.returnData;field:Result.success;function:aggregate;function:aggregate3;function:aggregate3Value;function:blockAndAggregate;function:getBasefee;function:getBlockHash;function:getBlockNumber;function:getChainId;function:getCurrentBlockCoinbase;function:getCurrentBlockDifficulty;function:getCurrentBlockGasLimit;function:getCurrentBlockTimestamp;function:getEthBalance;function:getLastBlockHash;function:tryAggregate;function:tryBlockAndAggregate;struct:Call;struct:Call3;struct:Call3Value;struct:Result,no contract state; declares Call/Call3/Call3Value/Result structs and aggregate/try/aggregate3/value plus block/environment query functions,aggregate variants are payable and perform arbitrary target calls; failure policy is per method/allowFailure; aggregate3Value requires msg.value equal accumulated call values,retired,Non-normative file-level summary; exact per-symbol disposition and native targets are defined by docs/sdk/contract-to-native-map.json.,none,normative per-symbol mapping: docs/sdk/contract-to-native-map.json,normative per-symbol mapping: docs/sdk/contract-to-native-map.json,normative per-symbol mapping: docs/sdk/contract-to-native-map.json,dotns-owner,immutable-source:05a91f7f3c8f1c2c3d2d4d333d77d9f64892bc0d:contracts/utils/Multicall3.sol,manifest:APPROVED,retired:32,1,docs/evidence/p0-contract-native/architect-semantic-disposition-approval.json,96cd0595fbc89fcd847ee58dd8427aa59bd008c8639b8f82d9bf4d6095b3b5ae,none,forbidden-clean-genesis
dotns:contracts/utils/RegistrationUtils.sol,https://github.com/paritytech/dotns.git,05a91f7f3c8f1c2c3d2d4d333d77d9f64892bc0d,contracts/utils/RegistrationUtils.sol,04af4fbf24414994e42a16ec482f2183158c898bc20a94c4bbda0824899480a3,MIT,library,field:RegistrationContext.label;field:RegistrationContext.labelhash;field:RegistrationContext.node;field:RegistrationContext.protocolRegistry;field:RegistrationContext.user;field:Siblings.registrar;field:Siblings.registry;field:Siblings.storeFactory;function:_resolveSiblings;function:registerAndStore;struct:RegistrationContext;struct:Siblings,"no contract state variables declared; declarations functions=2, events=0, errors=0, structs=2, fields=8; no *_ROLE constant declared",source token evidence: owner/role=owner,retired,Non-normative file-level summary; exact per-symbol disposition and native targets are defined by docs/sdk/contract-to-native-map.json.,none,normative per-symbol mapping: docs/sdk/contract-to-native-map.json,normative per-symbol mapping: docs/sdk/contract-to-native-map.json,normative per-symbol mapping: docs/sdk/contract-to-native-map.json,dotns-owner,immutable-source:05a91f7f3c8f1c2c3d2d4d333d77d9f64892bc0d:contracts/utils/RegistrationUtils.sol,manifest:APPROVED,retired:13,1,docs/evidence/p0-contract-native/architect-semantic-disposition-approval.json,96cd0595fbc89fcd847ee58dd8427aa59bd008c8639b8f82d9bf4d6095b3b5ae,none,forbidden-clean-genesis
dotns:contracts/utils/StoreUtils.sol,https://github.com/paritytech/dotns.git,05a91f7f3c8f1c2c3d2d4d333d77d9f64892bc0d,contracts/utils/StoreUtils.sol,a8f294660269501a39f332219e9a6bb8bc1091840c54a4d75c681d67c8eebef8,MIT,library,function:ensureLabelStore;function:writeLabel,"no contract state variables declared; declarations functions=2, events=0, errors=0, structs=0, fields=0; no *_ROLE constant declared",source token evidence: none of the audited lifecycle/economic token groups,retired,Non-normative file-level summary; exact per-symbol disposition and native targets are defined by docs/sdk/contract-to-native-map.json.,none,normative per-symbol mapping: docs/sdk/contract-to-native-map.json,normative per-symbol mapping: docs/sdk/contract-to-native-map.json,normative per-symbol mapping: docs/sdk/contract-to-native-map.json,dotns-owner,immutable-source:05a91f7f3c8f1c2c3d2d4d333d77d9f64892bc0d:contracts/utils/StoreUtils.sol,manifest:APPROVED,retired:3,1,docs/evidence/p0-contract-native/architect-semantic-disposition-approval.json,96cd0595fbc89fcd847ee58dd8427aa59bd008c8639b8f82d9bf4d6095b3b5ae,none,forbidden-clean-genesis
dotns:contracts/utils/StringUtils.sol,https://github.com/paritytech/dotns.git,05a91f7f3c8f1c2c3d2d4d333d77d9f64892bc0d,contracts/utils/StringUtils.sol,a6c6276661ccb0b6aff399f7f4baca6cfc6175c752f25456cd4392f091607c37,MIT,library,function:_isDnsLabel;function:_isLitePersonLabel;function:addressToHex;function:bytes32ToString;function:isLitePersonLabel;function:isLitePersonLabelMemory;function:isNamePath;function:isSingleDotLiteLabel;function:isSingleLabel;function:isSingleLabelMemory;function:stripDots;function:strlen;function:uintToString;state:MAX_DNS_LABEL_OCTETS;state:MIN_LITE_SUFFIX_DIGITS,"declared contract state: MAX_DNS_LABEL_OCTETS, MIN_LITE_SUFFIX_DIGITS; declarations functions=13, events=0, errors=0, structs=0, fields=0; no *_ROLE constant declared",source token evidence: none of the audited lifecycle/economic token groups,retired,Non-normative file-level summary; exact per-symbol disposition and native targets are defined by docs/sdk/contract-to-native-map.json.,none,normative per-symbol mapping: docs/sdk/contract-to-native-map.json,normative per-symbol mapping: docs/sdk/contract-to-native-map.json,normative per-symbol mapping: docs/sdk/contract-to-native-map.json,dotns-owner,immutable-source:05a91f7f3c8f1c2c3d2d4d333d77d9f64892bc0d:contracts/utils/StringUtils.sol,manifest:APPROVED,retired:16,1,docs/evidence/p0-contract-native/architect-semantic-disposition-approval.json,96cd0595fbc89fcd847ee58dd8427aa59bd008c8639b8f82d9bf4d6095b3b5ae,none,forbidden-clean-genesis
dotns:scripts/deploy/BaseDeployer.s.sol,https://github.com/paritytech/dotns.git,05a91f7f3c8f1c2c3d2d4d333d77d9f64892bc0d,scripts/deploy/BaseDeployer.s.sol,e19da19fede32f7f03f0eb895a6346e222582958aa957c89a8fa600f6c01fc05,MIT,deployment-fixture,function:_bootstrapCreate3Factory;function:_broadcastDeployCreate3;function:_broadcastDeployUups;function:_create3Factory;function:_create3Salt;function:_creationBytecode;function:_deployCreate3;function:_deploymentPath;function:_parentDirectory;function:_predictCreate3;function:_readAddress;function:_registerCreate3Factory;function:_requireContract;function:_setCreate3Factory;function:initDeployment;function:logDeployment;function:saveDeployments;state:CREATE3_SALT_NAMESPACE;state:MANIFEST_OBJECT_KEY;state:create3FactoryOverride;state:manifestJson;state:manifestPath,"test/deployment fixture declarations: functions=17, events=0, errors=0",fixture path is evidence only; source deployment/test execution is not authoritative network state,not-applicable,Non-normative file-level summary; exact per-symbol disposition and native targets are defined by docs/sdk/contract-to-native-map.json.,none,normative per-symbol mapping: docs/sdk/contract-to-native-map.json,normative per-symbol mapping: docs/sdk/contract-to-native-map.json,normative per-symbol mapping: docs/sdk/contract-to-native-map.json,migration-domain-owner,immutable-source:05a91f7f3c8f1c2c3d2d4d333d77d9f64892bc0d:scripts/deploy/BaseDeployer.s.sol,manifest:APPROVED,not-applicable:23,1,docs/evidence/p0-contract-native/architect-semantic-disposition-approval.json,96cd0595fbc89fcd847ee58dd8427aa59bd008c8639b8f82d9bf4d6095b3b5ae,none,forbidden-clean-genesis
dotns:scripts/deploy/DeployCore.s.sol,https://github.com/paritytech/dotns.git,05a91f7f3c8f1c2c3d2d4d333d77d9f64892bc0d,scripts/deploy/DeployCore.s.sol,f76b41df5b30d4686a2302b6c9fa421715d0ec9a0b8b27f7438851855032b301,MIT,deployment-fixture,function:_deployMulticall3;function:_deployProtocolRegistry;function:_deployRegistrar;function:_deployRegistry;function:_deployReverseResolver;function:_deployStoreFactory;function:run,"test/deployment fixture declarations: functions=7, events=0, errors=0",fixture path is evidence only; source deployment/test execution is not authoritative network state,not-applicable,Non-normative file-level summary; exact per-symbol disposition and native targets are defined by docs/sdk/contract-to-native-map.json.,none,normative per-symbol mapping: docs/sdk/contract-to-native-map.json,normative per-symbol mapping: docs/sdk/contract-to-native-map.json,normative per-symbol mapping: docs/sdk/contract-to-native-map.json,migration-domain-owner,immutable-source:05a91f7f3c8f1c2c3d2d4d333d77d9f64892bc0d:scripts/deploy/DeployCore.s.sol,manifest:APPROVED,not-applicable:8,1,docs/evidence/p0-contract-native/architect-semantic-disposition-approval.json,96cd0595fbc89fcd847ee58dd8427aa59bd008c8639b8f82d9bf4d6095b3b5ae,none,forbidden-clean-genesis
dotns:scripts/deploy/DeployPolicy.s.sol,https://github.com/paritytech/dotns.git,05a91f7f3c8f1c2c3d2d4d333d77d9f64892bc0d,scripts/deploy/DeployPolicy.s.sol,ac4b57772e4122a58af07333d2b6650cacc1ebc9406a7187fab6d1d9982407a1,MIT,deployment-fixture,function:_deployNameEscrow;function:_deployRegistrarController;function:run;state:ESCROW_COOLDOWN;state:MAX_COMMITMENT_AGE;state:MIN_COMMITMENT_AGE,"test/deployment fixture declarations: functions=3, events=0, errors=0",fixture path is evidence only; source deployment/test execution is not authoritative network state,not-applicable,Non-normative file-level summary; exact per-symbol disposition and native targets are defined by docs/sdk/contract-to-native-map.json.,none,normative per-symbol mapping: docs/sdk/contract-to-native-map.json,normative per-symbol mapping: docs/sdk/contract-to-native-map.json,normative per-symbol mapping: docs/sdk/contract-to-native-map.json,migration-domain-owner,immutable-source:05a91f7f3c8f1c2c3d2d4d333d77d9f64892bc0d:scripts/deploy/DeployPolicy.s.sol,manifest:APPROVED,not-applicable:7,1,docs/evidence/p0-contract-native/architect-semantic-disposition-approval.json,96cd0595fbc89fcd847ee58dd8427aa59bd008c8639b8f82d9bf4d6095b3b5ae,none,forbidden-clean-genesis
dotns:scripts/deploy/DeployPopSystem.s.sol,https://github.com/paritytech/dotns.git,05a91f7f3c8f1c2c3d2d4d333d77d9f64892bc0d,scripts/deploy/DeployPopSystem.s.sol,b8be27e6cece19dfadca069b14173bdb5c9a87065ba62f2a53bff85413caac2b,MIT,deployment-fixture,function:_deployGatewayDispatcher;function:_deployPopController;function:_deployPopResolver;function:run;state:DEFAULT_RESERVATION_DURATION,"test/deployment fixture declarations: functions=4, events=0, errors=0",fixture path is evidence only; source deployment/test execution is not authoritative network state,not-applicable,Non-normative file-level summary; exact per-symbol disposition and native targets are defined by docs/sdk/contract-to-native-map.json.,none,normative per-symbol mapping: docs/sdk/contract-to-native-map.json,normative per-symbol mapping: docs/sdk/contract-to-native-map.json,normative per-symbol mapping: docs/sdk/contract-to-native-map.json,migration-domain-owner,immutable-source:05a91f7f3c8f1c2c3d2d4d333d77d9f64892bc0d:scripts/deploy/DeployPopSystem.s.sol,manifest:APPROVED,not-applicable:6,1,docs/evidence/p0-contract-native/architect-semantic-disposition-approval.json,96cd0595fbc89fcd847ee58dd8427aa59bd008c8639b8f82d9bf4d6095b3b5ae,none,forbidden-clean-genesis
dotns:scripts/deploy/DeployRecords.s.sol,https://github.com/paritytech/dotns.git,05a91f7f3c8f1c2c3d2d4d333d77d9f64892bc0d,scripts/deploy/DeployRecords.s.sol,91bfe776f444b3b794ce1235fb45aeb31656913964c32ea89f67d5b856d5fdc4,MIT,deployment-fixture,function:_deployContentResolver;function:_deployPopRules;function:_deployResolver;function:run,"test/deployment fixture declarations: functions=4, events=0, errors=0",fixture path is evidence only; source deployment/test execution is not authoritative network state,not-applicable,Non-normative file-level summary; exact per-symbol disposition and native targets are defined by docs/sdk/contract-to-native-map.json.,none,normative per-symbol mapping: docs/sdk/contract-to-native-map.json,normative per-symbol mapping: docs/sdk/contract-to-native-map.json,normative per-symbol mapping: docs/sdk/contract-to-native-map.json,migration-domain-owner,immutable-source:05a91f7f3c8f1c2c3d2d4d333d77d9f64892bc0d:scripts/deploy/DeployRecords.s.sol,manifest:APPROVED,not-applicable:5,1,docs/evidence/p0-contract-native/architect-semantic-disposition-approval.json,96cd0595fbc89fcd847ee58dd8427aa59bd008c8639b8f82d9bf4d6095b3b5ae,none,forbidden-clean-genesis
dotns:scripts/deploy/DeploymentNetwork.sol,https://github.com/paritytech/dotns.git,05a91f7f3c8f1c2c3d2d4d333d77d9f64892bc0d,scripts/deploy/DeploymentNetwork.sol,472d0242e6506e4f412bb87f50a009e70541c1ab737647d9e5fa0e922423da37,MIT,deployment-fixture,function:folder,"test/deployment fixture declarations: functions=1, events=0, errors=0",fixture path is evidence only; source deployment/test execution is not authoritative network state,not-applicable,Non-normative file-level summary; exact per-symbol disposition and native targets are defined by docs/sdk/contract-to-native-map.json.,none,normative per-symbol mapping: docs/sdk/contract-to-native-map.json,normative per-symbol mapping: docs/sdk/contract-to-native-map.json,normative per-symbol mapping: docs/sdk/contract-to-native-map.json,migration-domain-owner,immutable-source:05a91f7f3c8f1c2c3d2d4d333d77d9f64892bc0d:scripts/deploy/DeploymentNetwork.sol,manifest:APPROVED,not-applicable:2,1,docs/evidence/p0-contract-native/architect-semantic-disposition-approval.json,96cd0595fbc89fcd847ee58dd8427aa59bd008c8639b8f82d9bf4d6095b3b5ae,none,forbidden-clean-genesis
dotns:scripts/deploy/DotnsDeployer.s.sol,https://github.com/paritytech/dotns.git,05a91f7f3c8f1c2c3d2d4d333d77d9f64892bc0d,scripts/deploy/DotnsDeployer.s.sol,be3ddcf6c2fc837991732908d77d29e197bfb94a6b53f1734c8594a550399527,MIT,deployment-fixture,field:Deployment.contentResolver;field:Deployment.nameEscrow;field:Deployment.popController;field:Deployment.popResolver;field:Deployment.popRules;field:Deployment.protocolRegistry;field:Deployment.registrar;field:Deployment.registrarController;field:Deployment.registry;field:Deployment.resolver;field:Deployment.reverseResolver;field:Deployment.storeFactory;function:_assertKey;function:_assertOwner;function:_assertPointer;function:_authoriseControllers;function:_bootstrapWhitelistOperator;function:_deployContentResolver;function:_deployNameEscrow;function:_deployPopController;function:_deployPopResolver;function:_deployPopRules;function:_deployProtocolRegistry;function:_deployRegistrar;function:_deployRegistrarController;function:_deployRegistry;function:_deployResolver;function:_deployReverseResolver;function:_deployStoreFactory;function:_getDeploymentFolder;function:_verifyControllerAuthorisation;function:_verifyDeployment;function:_verifyOwnership;function:_verifyRegistryKeys;function:_verifyRegistryPointers;function:_verifyWhitelistOperator;function:_wireProtocolRegistryKeys;function:run;state:DEFAULT_RESERVATION_DURATION;state:ESCROW_COOLDOWN;state:WHITELIST_OPERATOR_ENV;state:dotnsContentResolver;state:dotnsNameEscrow;state:dotnsPopController;state:dotnsPopResolver;state:dotnsRegistrar;state:dotnsRegistrarController;state:dotnsRegistry;state:dotnsResolver;state:dotnsReverseResolver;state:popRules;state:protocolRegistry;state:storeFactory;struct:Deployment,"test/deployment fixture declarations: functions=26, events=0, errors=0",fixture path is evidence only; source deployment/test execution is not authoritative network state,not-applicable,Non-normative file-level summary; exact per-symbol disposition and native targets are defined by docs/sdk/contract-to-native-map.json.,none,normative per-symbol mapping: docs/sdk/contract-to-native-map.json,normative per-symbol mapping: docs/sdk/contract-to-native-map.json,normative per-symbol mapping: docs/sdk/contract-to-native-map.json,migration-domain-owner,immutable-source:05a91f7f3c8f1c2c3d2d4d333d77d9f64892bc0d:scripts/deploy/DotnsDeployer.s.sol,manifest:APPROVED,not-applicable:55,1,docs/evidence/p0-contract-native/architect-semantic-disposition-approval.json,96cd0595fbc89fcd847ee58dd8427aa59bd008c8639b8f82d9bf4d6095b3b5ae,none,forbidden-clean-genesis
dotns:scripts/deploy/WireDeployments.s.sol,https://github.com/paritytech/dotns.git,05a91f7f3c8f1c2c3d2d4d333d77d9f64892bc0d,scripts/deploy/WireDeployments.s.sol,dc580cb79110f5258b4481f9200f46eedb6db139657f1893cfd205b420a1850a,MIT,deployment-fixture,field:Addresses.contentResolver;field:Addresses.multicall3;field:Addresses.nameEscrow;field:Addresses.popController;field:Addresses.popResolver;field:Addresses.popRules;field:Addresses.protocolRegistry;field:Addresses.registrar;field:Addresses.registrarController;field:Addresses.registry;field:Addresses.resolver;field:Addresses.reverseResolver;field:Addresses.rootGatewayDispatcher;field:Addresses.storeFactory;function:_authoriseControllers;function:_bootstrapWhitelistOperator;function:_loadAddresses;function:_verifyDeployment;function:_wireProtocolRegistryKeys;function:run;state:WHITELIST_OPERATOR_ENV;struct:Addresses,"test/deployment fixture declarations: functions=6, events=0, errors=0",fixture path is evidence only; source deployment/test execution is not authoritative network state,not-applicable,Non-normative file-level summary; exact per-symbol disposition and native targets are defined by docs/sdk/contract-to-native-map.json.,none,normative per-symbol mapping: docs/sdk/contract-to-native-map.json,normative per-symbol mapping: docs/sdk/contract-to-native-map.json,normative per-symbol mapping: docs/sdk/contract-to-native-map.json,migration-domain-owner,immutable-source:05a91f7f3c8f1c2c3d2d4d333d77d9f64892bc0d:scripts/deploy/WireDeployments.s.sol,manifest:APPROVED,not-applicable:23,1,docs/evidence/p0-contract-native/architect-semantic-disposition-approval.json,96cd0595fbc89fcd847ee58dd8427aa59bd008c8639b8f82d9bf4d6095b3b5ae,none,forbidden-clean-genesis
dotns:test/base/BaseDotns.t.sol,https://github.com/paritytech/dotns.git,05a91f7f3c8f1c2c3d2d4d333d77d9f64892bc0d,test/base/BaseDotns.t.sol,0d851c728574d46055f5bba0fa7b29f4937c1090152dae1abc65c46f9356bf4f,MIT,fixture,function:_authoriseTestAsController;function:_commitAndRegister;function:_commitRegistration;function:_commitRegistrationAndRegister;function:_commitRegistrationAndWaitMinimumAge;function:_computeCommitmentHash;function:_contains;function:_createUser;function:_dispatchFromRoot;function:_gatewayRegisterBaseName;function:_gatewayReserveBaseName;function:_gatewayReserveBaseNameOnly;function:_gatewayReserveLiteName;function:_grantNoStatus;function:_grantPopFull;function:_grantPopLite;function:_grantWhitelistOperator;function:_linkFresh;function:_linkWithLite;function:_mockCallerIsRoot;function:_namehash;function:_nodeOf;function:_register;function:_reservePop;function:_revokeWhitelistOperator;function:_setUserPopStatus;function:_toGatewayLiteLabel;function:_tokenIdForLabel;function:_validChatKey;function:setUp;state:BASE_LABEL_A;state:BASE_LABEL_B;state:BASE_LABEL_C;state:DEFAULT_BALANCE;state:DEFAULT_RESERVATION_DURATION;state:DOT_NODE;state:ESCROW_COOLDOWN;state:LITE_LABEL_A;state:LITE_LABEL_A_DOTTED;state:LITE_LABEL_B;state:LITE_LABEL_C;state:LITE_LABEL_D;state:NOSTATUS_LABEL_A;state:NOSTATUS_LABEL_B;state:RENT_PRICE;state:SELECTOR_REGISTER_BASE_BYTES;state:SELECTOR_REGISTER_BASE_TYPED;state:SELECTOR_RESERVE_BASE_BYTES;state:SELECTOR_RESERVE_BASE_ONLY_BYTES;state:SELECTOR_RESERVE_BASE_ONLY_TYPED;state:SELECTOR_RESERVE_BASE_TYPED;state:SELECTOR_RESERVE_LITE_BYTES;state:SELECTOR_RESERVE_LITE_TYPED;state:ZERO_HASH;state:dotLabel;state:dotNode;state:dotnsContentResolver;state:dotnsNameEscrow;state:dotnsPopController;state:dotnsPopResolver;state:dotnsRegistrar;state:dotnsRegistrarController;state:dotnsRegistry;state:dotnsResolver;state:dotnsReverseResolver;state:ed;state:leonardo;state:owner;state:popGateway;state:popRules;state:protocolRegistry;state:storeFactory;state:tiago,"test/deployment fixture declarations: functions=30, events=0, errors=0",fixture path is evidence only; source deployment/test execution is not authoritative network state,not-applicable,Non-normative file-level summary; exact per-symbol disposition and native targets are defined by docs/sdk/contract-to-native-map.json.,none,normative per-symbol mapping: docs/sdk/contract-to-native-map.json,normative per-symbol mapping: docs/sdk/contract-to-native-map.json,normative per-symbol mapping: docs/sdk/contract-to-native-map.json,migration-domain-owner,immutable-source:05a91f7f3c8f1c2c3d2d4d333d77d9f64892bc0d:test/base/BaseDotns.t.sol,manifest:APPROVED,not-applicable:74,1,docs/evidence/p0-contract-native/architect-semantic-disposition-approval.json,96cd0595fbc89fcd847ee58dd8427aa59bd008c8639b8f82d9bf4d6095b3b5ae,none,forbidden-clean-genesis
dotns:test/fuzz/escrow/DotnsNameEscrowFuzz.t.sol,https://github.com/paritytech/dotns.git,05a91f7f3c8f1c2c3d2d4d333d77d9f64892bc0d,test/fuzz/escrow/DotnsNameEscrowFuzz.t.sol,5d62227a4f2087a551db5ef4226aff80a10f7de477b769ca96c5fbf2777cea11,MIT,fixture,function:_commitFor;function:testFuzz_deposit_amount;function:testFuzz_withdraw_timing,"test/deployment fixture declarations: functions=3, events=0, errors=0",fixture path is evidence only; source deployment/test execution is not authoritative network state,not-applicable,Non-normative file-level summary; exact per-symbol disposition and native targets are defined by docs/sdk/contract-to-native-map.json.,none,normative per-symbol mapping: docs/sdk/contract-to-native-map.json,normative per-symbol mapping: docs/sdk/contract-to-native-map.json,normative per-symbol mapping: docs/sdk/contract-to-native-map.json,migration-domain-owner,immutable-source:05a91f7f3c8f1c2c3d2d4d333d77d9f64892bc0d:test/fuzz/escrow/DotnsNameEscrowFuzz.t.sol,manifest:APPROVED,not-applicable:4,1,docs/evidence/p0-contract-native/architect-semantic-disposition-approval.json,96cd0595fbc89fcd847ee58dd8427aa59bd008c8639b8f82d9bf4d6095b3b5ae,none,forbidden-clean-genesis
dotns:test/fuzz/pop/PopFuzz.t.sol,https://github.com/paritytech/dotns.git,05a91f7f3c8f1c2c3d2d4d333d77d9f64892bc0d,test/fuzz/pop/PopFuzz.t.sol,847a9e58e9b1cdd28301446ba1bbcc2fbca768b98a86b79fef4142d5b6214b66,MIT,fixture,function:_makeAlpha;function:testFuzz_expired_reservation_rolls_forward_to_next_lite_registrant;function:testFuzz_governance_names_always_revert;function:testFuzz_mixed_case_names_are_rejected;function:testFuzz_nostatus_user_cannot_access_popfull;function:testFuzz_popfull_user_can_access_nostatus;function:testFuzz_popfull_user_can_access_poplite;function:testFuzz_price_without_check_returns_price;function:testFuzz_reservation_blocks_other_users,"test/deployment fixture declarations: functions=9, events=0, errors=0",fixture path is evidence only; source deployment/test execution is not authoritative network state,not-applicable,Non-normative file-level summary; exact per-symbol disposition and native targets are defined by docs/sdk/contract-to-native-map.json.,none,normative per-symbol mapping: docs/sdk/contract-to-native-map.json,normative per-symbol mapping: docs/sdk/contract-to-native-map.json,normative per-symbol mapping: docs/sdk/contract-to-native-map.json,migration-domain-owner,immutable-source:05a91f7f3c8f1c2c3d2d4d333d77d9f64892bc0d:test/fuzz/pop/PopFuzz.t.sol,manifest:APPROVED,not-applicable:10,1,docs/evidence/p0-contract-native/architect-semantic-disposition-approval.json,96cd0595fbc89fcd847ee58dd8427aa59bd008c8639b8f82d9bf4d6095b3b5ae,none,forbidden-clean-genesis
dotns:test/fuzz/registrar/DotnsPopControllerFuzz.t.sol,https://github.com/paritytech/dotns.git,05a91f7f3c8f1c2c3d2d4d333d77d9f64892bc0d,test/fuzz/registrar/DotnsPopControllerFuzz.t.sol,019d0665e7221042729c49fd03f1d2a89136b8fabe2484a6d6356d4d32a34afe,MIT,fixture,function:_assertLogsEqual;function:_twoDigitDecimal;function:testFuzz_claimLabelStore_settles_label_and_chat_key_exactly;function:testFuzz_gatewayReserve_cold_user_stashes_label_and_chat_key_exactly;function:testFuzz_isReservedForClaim_tracks_duration_boundary;function:testFuzz_pendingClaim_expiry_boundary_admits_or_lapses;function:testFuzz_public_register_respects_popRules_reservation;function:testFuzz_registerBaseName_overloads_equivalent;function:testFuzz_reserveBaseName_accepts_any_two_digit_suffix;function:testFuzz_reserveBaseName_overloads_equivalent;function:testFuzz_reserveBaseName_persists_chat_key_exact_bytes;function:testFuzz_reserveLiteName_overloads_equivalent,"test/deployment fixture declarations: functions=12, events=0, errors=0",fixture path is evidence only; source deployment/test execution is not authoritative network state,not-applicable,Non-normative file-level summary; exact per-symbol disposition and native targets are defined by docs/sdk/contract-to-native-map.json.,none,normative per-symbol mapping: docs/sdk/contract-to-native-map.json,normative per-symbol mapping: docs/sdk/contract-to-native-map.json,normative per-symbol mapping: docs/sdk/contract-to-native-map.json,migration-domain-owner,immutable-source:05a91f7f3c8f1c2c3d2d4d333d77d9f64892bc0d:test/fuzz/registrar/DotnsPopControllerFuzz.t.sol,manifest:APPROVED,not-applicable:13,1,docs/evidence/p0-contract-native/architect-semantic-disposition-approval.json,96cd0595fbc89fcd847ee58dd8427aa59bd008c8639b8f82d9bf4d6095b3b5ae,none,forbidden-clean-genesis
dotns:test/fuzz/registrar/DotnsRegistrarControllerFuzz.t.sol,https://github.com/paritytech/dotns.git,05a91f7f3c8f1c2c3d2d4d333d77d9f64892bc0d,test/fuzz/registrar/DotnsRegistrarControllerFuzz.t.sol,2223b73d0469a2ca9d2ce913223fff198f487859ab0a616493268a69b7677c99,MIT,fixture,function:_commitFor;function:_labelNoStatusPriced;function:_labelPopfull;function:_labelPriceZero;function:_uintToAlphaFixed;function:testFuzz_NoStatus_transfer_rebinds_position_to_new_holder;function:testFuzz_non_owner_cannot_setrole;function:testFuzz_owner_setrole_matches_hasrole;function:testFuzz_register_pushes_overpayment_back_to_eoa_payer;function:testFuzz_register_refunds_overpayment_inline_when_price_is_zero;function:testFuzz_register_refunds_overpayment_to_payer_not_owner;function:testFuzz_third_party_registration_does_not_overwrite_owner_reverse;function:testFuzz_transfer_clears_sender_primary_reverse;function:testFuzz_transfer_writes_label_to_recipient_store,"test/deployment fixture declarations: functions=14, events=0, errors=0",fixture path is evidence only; source deployment/test execution is not authoritative network state,not-applicable,Non-normative file-level summary; exact per-symbol disposition and native targets are defined by docs/sdk/contract-to-native-map.json.,none,normative per-symbol mapping: docs/sdk/contract-to-native-map.json,normative per-symbol mapping: docs/sdk/contract-to-native-map.json,normative per-symbol mapping: docs/sdk/contract-to-native-map.json,migration-domain-owner,immutable-source:05a91f7f3c8f1c2c3d2d4d333d77d9f64892bc0d:test/fuzz/registrar/DotnsRegistrarControllerFuzz.t.sol,manifest:APPROVED,not-applicable:15,1,docs/evidence/p0-contract-native/architect-semantic-disposition-approval.json,96cd0595fbc89fcd847ee58dd8427aa59bd008c8639b8f82d9bf4d6095b3b5ae,none,forbidden-clean-genesis
dotns:test/fuzz/registry/DotnsProtocolRegistryFuzz.t.sol,https://github.com/paritytech/dotns.git,05a91f7f3c8f1c2c3d2d4d333d77d9f64892bc0d,test/fuzz/registry/DotnsProtocolRegistryFuzz.t.sol,bcaad69ddef65fd29418a719bef8f5bcb97fc99dc3005e934dfc12e582c8bc25,MIT,fixture,function:testFuzz_isRegisteredAddress_matches_ground_truth;function:testFuzz_set_same_pair_is_no_op;function:testFuzz_zero_address_never_registered,"test/deployment fixture declarations: functions=3, events=0, errors=0",fixture path is evidence only; source deployment/test execution is not authoritative network state,not-applicable,Non-normative file-level summary; exact per-symbol disposition and native targets are defined by docs/sdk/contract-to-native-map.json.,none,normative per-symbol mapping: docs/sdk/contract-to-native-map.json,normative per-symbol mapping: docs/sdk/contract-to-native-map.json,normative per-symbol mapping: docs/sdk/contract-to-native-map.json,migration-domain-owner,immutable-source:05a91f7f3c8f1c2c3d2d4d333d77d9f64892bc0d:test/fuzz/registry/DotnsProtocolRegistryFuzz.t.sol,manifest:APPROVED,not-applicable:4,1,docs/evidence/p0-contract-native/architect-semantic-disposition-approval.json,96cd0595fbc89fcd847ee58dd8427aa59bd008c8639b8f82d9bf4d6095b3b5ae,none,forbidden-clean-genesis
dotns:test/fuzz/registry/DotnsRegistryFuzz.t.sol,https://github.com/paritytech/dotns.git,05a91f7f3c8f1c2c3d2d4d333d77d9f64892bc0d,test/fuzz/registry/DotnsRegistryFuzz.t.sol,a04ff97512be80bd31377eb78ee211683f9601b760b4c7dddbfce711594cfa7c,MIT,fixture,function:testFuzz_non_parent_non_owner_cannot_reassign;function:testFuzz_parent_can_reassign_subnode_to_any_owner;function:testFuzz_reassignment_resets_resolver_to_default,"test/deployment fixture declarations: functions=3, events=0, errors=0",fixture path is evidence only; source deployment/test execution is not authoritative network state,not-applicable,Non-normative file-level summary; exact per-symbol disposition and native targets are defined by docs/sdk/contract-to-native-map.json.,none,normative per-symbol mapping: docs/sdk/contract-to-native-map.json,normative per-symbol mapping: docs/sdk/contract-to-native-map.json,normative per-symbol mapping: docs/sdk/contract-to-native-map.json,migration-domain-owner,immutable-source:05a91f7f3c8f1c2c3d2d4d333d77d9f64892bc0d:test/fuzz/registry/DotnsRegistryFuzz.t.sol,manifest:APPROVED,not-applicable:4,1,docs/evidence/p0-contract-native/architect-semantic-disposition-approval.json,96cd0595fbc89fcd847ee58dd8427aa59bd008c8639b8f82d9bf4d6095b3b5ae,none,forbidden-clean-genesis
dotns:test/fuzz/store/LabelStoreFuzz.t.sol,https://github.com/paritytech/dotns.git,05a91f7f3c8f1c2c3d2d4d333d77d9f64892bc0d,test/fuzz/store/LabelStoreFuzz.t.sol,28b1aeeed3a1a7f1049d7dff9b853d2ac3944a1f17d0e94c1fafc0f5c93c2183,MIT,fixture,function:_freshLabelStore;function:_intString;function:testFuzz_getLabels_pagination_consistent;function:testFuzz_storeLabel_succeeds_for_arbitrary_inputs,"test/deployment fixture declarations: functions=4, events=0, errors=0",fixture path is evidence only; source deployment/test execution is not authoritative network state,not-applicable,Non-normative file-level summary; exact per-symbol disposition and native targets are defined by docs/sdk/contract-to-native-map.json.,none,normative per-symbol mapping: docs/sdk/contract-to-native-map.json,normative per-symbol mapping: docs/sdk/contract-to-native-map.json,normative per-symbol mapping: docs/sdk/contract-to-native-map.json,migration-domain-owner,immutable-source:05a91f7f3c8f1c2c3d2d4d333d77d9f64892bc0d:test/fuzz/store/LabelStoreFuzz.t.sol,manifest:APPROVED,not-applicable:5,1,docs/evidence/p0-contract-native/architect-semantic-disposition-approval.json,96cd0595fbc89fcd847ee58dd8427aa59bd008c8639b8f82d9bf4d6095b3b5ae,none,forbidden-clean-genesis
dotns:test/fuzz/store/UserStoreFuzz.t.sol,https://github.com/paritytech/dotns.git,05a91f7f3c8f1c2c3d2d4d333d77d9f64892bc0d,test/fuzz/store/UserStoreFuzz.t.sol,7f1c3e9b56ddc2ca4d68b06e0597aea90ae76c8530bb88f21917dbeb45d1150b,MIT,fixture,function:_freshUserStore;function:testFuzz_getHistory_pagination_consistent;function:testFuzz_history_length_equals_prior_nonempty_writes;function:testFuzz_setValue_accepts_arbitrary_inputs,"test/deployment fixture declarations: functions=4, events=0, errors=0",fixture path is evidence only; source deployment/test execution is not authoritative network state,not-applicable,Non-normative file-level summary; exact per-symbol disposition and native targets are defined by docs/sdk/contract-to-native-map.json.,none,normative per-symbol mapping: docs/sdk/contract-to-native-map.json,normative per-symbol mapping: docs/sdk/contract-to-native-map.json,normative per-symbol mapping: docs/sdk/contract-to-native-map.json,migration-domain-owner,immutable-source:05a91f7f3c8f1c2c3d2d4d333d77d9f64892bc0d:test/fuzz/store/UserStoreFuzz.t.sol,manifest:APPROVED,not-applicable:5,1,docs/evidence/p0-contract-native/architect-semantic-disposition-approval.json,96cd0595fbc89fcd847ee58dd8427aa59bd008c8639b8f82d9bf4d6095b3b5ae,none,forbidden-clean-genesis
dotns:test/helpers/AcceptingReceiver.sol,https://github.com/paritytech/dotns.git,05a91f7f3c8f1c2c3d2d4d333d77d9f64892bc0d,test/helpers/AcceptingReceiver.sol,0474df865e19717630c641af58d35f5121630533bb2ae500bd6ab50e73297271,MIT,fixture,function:onERC721Received;function:receive;state:received,"test/deployment fixture declarations: functions=2, events=0, errors=0",fixture path is evidence only; source deployment/test execution is not authoritative network state,not-applicable,Non-normative file-level summary; exact per-symbol disposition and native targets are defined by docs/sdk/contract-to-native-map.json.,none,normative per-symbol mapping: docs/sdk/contract-to-native-map.json,normative per-symbol mapping: docs/sdk/contract-to-native-map.json,normative per-symbol mapping: docs/sdk/contract-to-native-map.json,migration-domain-owner,immutable-source:05a91f7f3c8f1c2c3d2d4d333d77d9f64892bc0d:test/helpers/AcceptingReceiver.sol,manifest:APPROVED,not-applicable:4,1,docs/evidence/p0-contract-native/architect-semantic-disposition-approval.json,96cd0595fbc89fcd847ee58dd8427aa59bd008c8639b8f82d9bf4d6095b3b5ae,none,forbidden-clean-genesis
dotns:test/helpers/ReentrantOverpaymentAttacker.sol,https://github.com/paritytech/dotns.git,05a91f7f3c8f1c2c3d2d4d333d77d9f64892bc0d,test/helpers/ReentrantOverpaymentAttacker.sol,db489ab0e36050d4827d5082e4ca867aacfaf0ecb05bf171629462f928738dff,MIT,fixture,function:arm;function:constructor;function:onERC721Received;function:receive;state:CONTROLLER;state:registration,"test/deployment fixture declarations: functions=4, events=0, errors=0",fixture path is evidence only; source deployment/test execution is not authoritative network state,not-applicable,Non-normative file-level summary; exact per-symbol disposition and native targets are defined by docs/sdk/contract-to-native-map.json.,none,normative per-symbol mapping: docs/sdk/contract-to-native-map.json,normative per-symbol mapping: docs/sdk/contract-to-native-map.json,normative per-symbol mapping: docs/sdk/contract-to-native-map.json,migration-domain-owner,immutable-source:05a91f7f3c8f1c2c3d2d4d333d77d9f64892bc0d:test/helpers/ReentrantOverpaymentAttacker.sol,manifest:APPROVED,not-applicable:7,1,docs/evidence/p0-contract-native/architect-semantic-disposition-approval.json,96cd0595fbc89fcd847ee58dd8427aa59bd008c8639b8f82d9bf4d6095b3b5ae,none,forbidden-clean-genesis
dotns:test/helpers/ReentrantOwner.sol,https://github.com/paritytech/dotns.git,05a91f7f3c8f1c2c3d2d4d333d77d9f64892bc0d,test/helpers/ReentrantOwner.sol,a09fde55182e8433c307fdad0da16700a408daab79cdb12902c579f5aa3dcb85,MIT,fixture,function:arm;function:constructor;function:onERC721Received;function:receive;state:CONTROLLER;state:registration,"test/deployment fixture declarations: functions=4, events=0, errors=0",fixture path is evidence only; source deployment/test execution is not authoritative network state,not-applicable,Non-normative file-level summary; exact per-symbol disposition and native targets are defined by docs/sdk/contract-to-native-map.json.,none,normative per-symbol mapping: docs/sdk/contract-to-native-map.json,normative per-symbol mapping: docs/sdk/contract-to-native-map.json,normative per-symbol mapping: docs/sdk/contract-to-native-map.json,migration-domain-owner,immutable-source:05a91f7f3c8f1c2c3d2d4d333d77d9f64892bc0d:test/helpers/ReentrantOwner.sol,manifest:APPROVED,not-applicable:7,1,docs/evidence/p0-contract-native/architect-semantic-disposition-approval.json,96cd0595fbc89fcd847ee58dd8427aa59bd008c8639b8f82d9bf4d6095b3b5ae,none,forbidden-clean-genesis
dotns:test/helpers/RefundRejecter.sol,https://github.com/paritytech/dotns.git,05a91f7f3c8f1c2c3d2d4d333d77d9f64892bc0d,test/helpers/RefundRejecter.sol,c05237fc3ae2f76a0f71d9d73d1fec1c18883daa37d2d45402c800f86828d080,MIT,fixture,error:RefundsNotAccepted;function:onERC721Received;function:receive,"test/deployment fixture declarations: functions=2, events=0, errors=1",fixture path is evidence only; source deployment/test execution is not authoritative network state,not-applicable,Non-normative file-level summary; exact per-symbol disposition and native targets are defined by docs/sdk/contract-to-native-map.json.,none,normative per-symbol mapping: docs/sdk/contract-to-native-map.json,normative per-symbol mapping: docs/sdk/contract-to-native-map.json,normative per-symbol mapping: docs/sdk/contract-to-native-map.json,migration-domain-owner,immutable-source:05a91f7f3c8f1c2c3d2d4d333d77d9f64892bc0d:test/helpers/RefundRejecter.sol,manifest:APPROVED,not-applicable:4,1,docs/evidence/p0-contract-native/architect-semantic-disposition-approval.json,96cd0595fbc89fcd847ee58dd8427aa59bd008c8639b8f82d9bf4d6095b3b5ae,none,forbidden-clean-genesis
dotns:test/helpers/RegistrationProbe.sol,https://github.com/paritytech/dotns.git,05a91f7f3c8f1c2c3d2d4d333d77d9f64892bc0d,test/helpers/RegistrationProbe.sol,6a1bb6aa8839e6cd4056c4b8e020aee883e7634bad2b128331752f9630d6b69a,MIT,fixture,function:constructor;function:onERC721Received;function:receive;state:callbackFired;state:observedRegistryOwner;state:observedReverseName;state:registry;state:reverseResolver,"test/deployment fixture declarations: functions=3, events=0, errors=0",fixture path is evidence only; source deployment/test execution is not authoritative network state,not-applicable,Non-normative file-level summary; exact per-symbol disposition and native targets are defined by docs/sdk/contract-to-native-map.json.,none,normative per-symbol mapping: docs/sdk/contract-to-native-map.json,normative per-symbol mapping: docs/sdk/contract-to-native-map.json,normative per-symbol mapping: docs/sdk/contract-to-native-map.json,migration-domain-owner,immutable-source:05a91f7f3c8f1c2c3d2d4d333d77d9f64892bc0d:test/helpers/RegistrationProbe.sol,manifest:APPROVED,not-applicable:9,1,docs/evidence/p0-contract-native/architect-semantic-disposition-approval.json,96cd0595fbc89fcd847ee58dd8427aa59bd008c8639b8f82d9bf4d6095b3b5ae,none,forbidden-clean-genesis
dotns:test/intergration/BasicDotns.reverts.t.sol,https://github.com/paritytech/dotns.git,05a91f7f3c8f1c2c3d2d4d333d77d9f64892bc0d,test/intergration/BasicDotns.reverts.t.sol,a9fb0ff45514d3c4fee98be03c2ae0885a2f4f7e16628cecf1e40fdfdba82b55,MIT,fixture,function:test_parent_can_reassign_existing_subdomain;function:test_revert_non_owner_cannot_create_subdomain_under_someone_elses_name;function:test_revert_poplite_cannot_register_popfull_required;function:test_revert_unapproved_cannot_set_contenthash;state:CID_A;state:NAME_POPFULL,"test/deployment fixture declarations: functions=4, events=0, errors=0",fixture path is evidence only; source deployment/test execution is not authoritative network state,not-applicable,Non-normative file-level summary; exact per-symbol disposition and native targets are defined by docs/sdk/contract-to-native-map.json.,none,normative per-symbol mapping: docs/sdk/contract-to-native-map.json,normative per-symbol mapping: docs/sdk/contract-to-native-map.json,normative per-symbol mapping: docs/sdk/contract-to-native-map.json,migration-domain-owner,immutable-source:05a91f7f3c8f1c2c3d2d4d333d77d9f64892bc0d:test/intergration/BasicDotns.reverts.t.sol,manifest:APPROVED,not-applicable:7,1,docs/evidence/p0-contract-native/architect-semantic-disposition-approval.json,96cd0595fbc89fcd847ee58dd8427aa59bd008c8639b8f82d9bf4d6095b3b5ae,none,forbidden-clean-genesis
dotns:test/intergration/BasicDotns.t.sol,https://github.com/paritytech/dotns.git,05a91f7f3c8f1c2c3d2d4d333d77d9f64892bc0d,test/intergration/BasicDotns.t.sol,e53518d45fd4438d2b667dfba2085b61a25f629caf4b5fb6565fade73ad4329d,MIT,fixture,field:FlowParams.name;field:FlowParams.nameOwner;field:FlowParams.otherOwner;field:FlowParams.otherSub;field:FlowParams.reserved;field:FlowParams.selfSub;field:FlowParams.transferRecipientNewName;field:FlowParams.transferRecipientSub;field:FlowParams.transferTo;function:_assertStoreContainsValue;function:_flowEndToEnd;function:_fullSubname;function:_personhoodTierIsAtLeastLite;function:_setSubnode;function:test_nostatus_end_to_end;function:test_popfull_end_to_end;function:test_poplite_end_to_end;function:test_third_party_reserved_registration_preserves_existing_reverse;state:CID_A;state:CID_B;state:NAME_NOSTATUS;state:NAME_POPFULL;state:NAME_POPLITE;struct:FlowParams,"test/deployment fixture declarations: functions=9, events=0, errors=0",fixture path is evidence only; source deployment/test execution is not authoritative network state,not-applicable,Non-normative file-level summary; exact per-symbol disposition and native targets are defined by docs/sdk/contract-to-native-map.json.,none,normative per-symbol mapping: docs/sdk/contract-to-native-map.json,normative per-symbol mapping: docs/sdk/contract-to-native-map.json,normative per-symbol mapping: docs/sdk/contract-to-native-map.json,migration-domain-owner,immutable-source:05a91f7f3c8f1c2c3d2d4d333d77d9f64892bc0d:test/intergration/BasicDotns.t.sol,manifest:APPROVED,not-applicable:25,1,docs/evidence/p0-contract-native/architect-semantic-disposition-approval.json,96cd0595fbc89fcd847ee58dd8427aa59bd008c8639b8f82d9bf4d6095b3b5ae,none,forbidden-clean-genesis
dotns:test/intergration/NoStatusDepositLifecycle.t.sol,https://github.com/paritytech/dotns.git,05a91f7f3c8f1c2c3d2d4d333d77d9f64892bc0d,test/intergration/NoStatusDepositLifecycle.t.sol,0d05ce96affc9496286f386b302cdc9411cd307c047c9ac7179a469f8da8d3f8,MIT,fixture,function:test_NoStatus_register_then_transfer_then_holder_claims_refund;state:DEPOSIT_LABEL,"test/deployment fixture declarations: functions=1, events=0, errors=0",fixture path is evidence only; source deployment/test execution is not authoritative network state,not-applicable,Non-normative file-level summary; exact per-symbol disposition and native targets are defined by docs/sdk/contract-to-native-map.json.,none,normative per-symbol mapping: docs/sdk/contract-to-native-map.json,normative per-symbol mapping: docs/sdk/contract-to-native-map.json,normative per-symbol mapping: docs/sdk/contract-to-native-map.json,migration-domain-owner,immutable-source:05a91f7f3c8f1c2c3d2d4d333d77d9f64892bc0d:test/intergration/NoStatusDepositLifecycle.t.sol,manifest:APPROVED,not-applicable:3,1,docs/evidence/p0-contract-native/architect-semantic-disposition-approval.json,96cd0595fbc89fcd847ee58dd8427aa59bd008c8639b8f82d9bf4d6095b3b5ae,none,forbidden-clean-genesis
dotns:test/intergration/PopLifecycleFlow.t.sol,https://github.com/paritytech/dotns.git,05a91f7f3c8f1c2c3d2d4d333d77d9f64892bc0d,test/intergration/PopLifecycleFlow.t.sol,143bea413aa541981b1503899a6886afd708e6a7cc098e353dcd13fcd907d707,MIT,fixture,function:_mintLiteThenClaimFull;function:_setSubnode;function:test_cold_gateway_reserve_then_user_settles_pending_claim;function:test_lapsed_pending_claim_is_swept_without_deploying_store;function:test_lite_via_gateway_then_full_via_public_after_upgrade;function:test_pop_full_name_is_first_class_erc721_name;function:test_recover_full_username_from_lite_label;function:test_reserve_expire_reserve_cycle_for_same_user;function:test_transfer_of_token_with_live_pending_claim_does_not_move_claim;state:CHAT_KEY;state:CONTENT_HASH_A;state:CONTENT_HASH_B;state:FULL_LABEL;state:LITE_LABEL;state:SUB_LABEL,"test/deployment fixture declarations: functions=9, events=0, errors=0",fixture path is evidence only; source deployment/test execution is not authoritative network state,not-applicable,Non-normative file-level summary; exact per-symbol disposition and native targets are defined by docs/sdk/contract-to-native-map.json.,none,normative per-symbol mapping: docs/sdk/contract-to-native-map.json,normative per-symbol mapping: docs/sdk/contract-to-native-map.json,normative per-symbol mapping: docs/sdk/contract-to-native-map.json,migration-domain-owner,immutable-source:05a91f7f3c8f1c2c3d2d4d333d77d9f64892bc0d:test/intergration/PopLifecycleFlow.t.sol,manifest:APPROVED,not-applicable:16,1,docs/evidence/p0-contract-native/architect-semantic-disposition-approval.json,96cd0595fbc89fcd847ee58dd8427aa59bd008c8639b8f82d9bf4d6095b3b5ae,none,forbidden-clean-genesis
dotns:test/intergration/StoreIntegration.t.sol,https://github.com/paritytech/dotns.git,05a91f7f3c8f1c2c3d2d4d333d77d9f64892bc0d,test/intergration/StoreIntegration.t.sol,9ae698176841e2b00c263c154dcd570c30188aea9e9ec87bd3e856d3ddc8837b,MIT,fixture,function:marker;function:test_beacon_upgrade_preserves_label_store_state;function:test_beacon_upgrade_preserves_user_store_state;function:test_double_transfer_back_does_not_revert_on_existing_lock;function:test_erc721_transfer_syncs_label_to_recipient_store;function:test_main_controller_registration_writes_label_store;function:test_pop_controller_registration_writes_label_store;function:test_registration_reuses_factory_owner_predeployed_store;function:test_user_claim_round_trip_with_history,"test/deployment fixture declarations: functions=9, events=0, errors=0",fixture path is evidence only; source deployment/test execution is not authoritative network state,not-applicable,Non-normative file-level summary; exact per-symbol disposition and native targets are defined by docs/sdk/contract-to-native-map.json.,none,normative per-symbol mapping: docs/sdk/contract-to-native-map.json,normative per-symbol mapping: docs/sdk/contract-to-native-map.json,normative per-symbol mapping: docs/sdk/contract-to-native-map.json,migration-domain-owner,immutable-source:05a91f7f3c8f1c2c3d2d4d333d77d9f64892bc0d:test/intergration/StoreIntegration.t.sol,manifest:APPROVED,not-applicable:10,1,docs/evidence/p0-contract-native/architect-semantic-disposition-approval.json,96cd0595fbc89fcd847ee58dd8427aa59bd008c8639b8f82d9bf4d6095b3b5ae,none,forbidden-clean-genesis
dotns:test/intergration/WhitelistOperatorFlow.t.sol,https://github.com/paritytech/dotns.git,05a91f7f3c8f1c2c3d2d4d333d77d9f64892bc0d,test/intergration/WhitelistOperatorFlow.t.sol,e61067e2853b7de4eb97aeb700b06955bcdb11d2f9f344a4a56c4b6d4297fc23,MIT,fixture,function:test_operator_can_seed_whitelist_for_reserved_registration;function:test_operator_role_revocation_blocks_further_whitelist_writes,"test/deployment fixture declarations: functions=2, events=0, errors=0",fixture path is evidence only; source deployment/test execution is not authoritative network state,not-applicable,Non-normative file-level summary; exact per-symbol disposition and native targets are defined by docs/sdk/contract-to-native-map.json.,none,normative per-symbol mapping: docs/sdk/contract-to-native-map.json,normative per-symbol mapping: docs/sdk/contract-to-native-map.json,normative per-symbol mapping: docs/sdk/contract-to-native-map.json,migration-domain-owner,immutable-source:05a91f7f3c8f1c2c3d2d4d333d77d9f64892bc0d:test/intergration/WhitelistOperatorFlow.t.sol,manifest:APPROVED,not-applicable:3,1,docs/evidence/p0-contract-native/architect-semantic-disposition-approval.json,96cd0595fbc89fcd847ee58dd8427aa59bd008c8639b8f82d9bf4d6095b3b5ae,none,forbidden-clean-genesis
dotns:test/invariant/escrow/DotnsNameEscrowInvariant.t.sol,https://github.com/paritytech/dotns.git,05a91f7f3c8f1c2c3d2d4d333d77d9f64892bc0d,test/invariant/escrow/DotnsNameEscrowInvariant.t.sol,cf0413323230233a5f369b61ff04cfd1db90a9599a77984485f31ddfbffcbfd0,MIT,fixture,function:invariant_claimed_positions_have_zero_amount;function:invariant_no_funds_in_controller;function:invariant_position_recipient_mirrors_current_nft_holder;function:invariant_released_count_consistent;function:invariant_released_tokens_in_escrow_custody;function:invariant_reserves_match_positions;function:invariant_solvency;function:invariant_withdrawn_tokens_are_in_escrow_custody_and_available;function:setUp;state:handler,"test/deployment fixture declarations: functions=9, events=0, errors=0",fixture path is evidence only; source deployment/test execution is not authoritative network state,not-applicable,Non-normative file-level summary; exact per-symbol disposition and native targets are defined by docs/sdk/contract-to-native-map.json.,none,normative per-symbol mapping: docs/sdk/contract-to-native-map.json,normative per-symbol mapping: docs/sdk/contract-to-native-map.json,normative per-symbol mapping: docs/sdk/contract-to-native-map.json,migration-domain-owner,immutable-source:05a91f7f3c8f1c2c3d2d4d333d77d9f64892bc0d:test/invariant/escrow/DotnsNameEscrowInvariant.t.sol,manifest:APPROVED,not-applicable:11,1,docs/evidence/p0-contract-native/architect-semantic-disposition-approval.json,96cd0595fbc89fcd847ee58dd8427aa59bd008c8639b8f82d9bf4d6095b3b5ae,none,forbidden-clean-genesis
dotns:test/invariant/escrow/EscrowHandler.t.sol,https://github.com/paritytech/dotns.git,05a91f7f3c8f1c2c3d2d4d333d77d9f64892bc0d,test/invariant/escrow/EscrowHandler.t.sol,a354711b0f96971aaad837786199fe1b2b97201b6fd12d4e8b1e3b9f70accaec,MIT,fixture,function:_accountInsuranceDraws;function:_generateUniqueLabel;function:_mockPersonhoodTier;function:_pickDifferentActor;function:_removeDeposited;function:_removeReleased;function:_removeWithdrawn;function:addActor;function:advanceTime;function:claim;function:commitRegisterAndDeposit;function:constructor;function:getActors;function:getDepositedTokenIds;function:getReleasedTokenIds;function:getWithdrawnTokenIds;function:reRegisterReclaimed;function:receive;function:registerCrossTier;function:releaseToken;function:setRandomPopStatus;function:totalPendingRefundEntries;function:totalPendingWithdrawals;function:transferDeposited;function:transferPayable;function:withdrawRefund;state:DOT_NODE;state:ESCROW_COOLDOWN;state:_depositedTokenIds;state:_releasedTokenIds;state:_withdrawnTokenIds;state:actors;state:controller;state:depositAmounts;state:depositRecipients;state:escrow;state:ghost_insurancePaidIn;state:ghost_insurancePaidOut;state:ghost_pendingCredits;state:ghost_pendingPulls;state:labelByTokenId;state:labelNonce;state:popRules;state:registrar,"test/deployment fixture declarations: functions=26, events=0, errors=0",fixture path is evidence only; source deployment/test execution is not authoritative network state,not-applicable,Non-normative file-level summary; exact per-symbol disposition and native targets are defined by docs/sdk/contract-to-native-map.json.,none,normative per-symbol mapping: docs/sdk/contract-to-native-map.json,normative per-symbol mapping: docs/sdk/contract-to-native-map.json,normative per-symbol mapping: docs/sdk/contract-to-native-map.json,migration-domain-owner,immutable-source:05a91f7f3c8f1c2c3d2d4d333d77d9f64892bc0d:test/invariant/escrow/EscrowHandler.t.sol,manifest:APPROVED,not-applicable:45,1,docs/evidence/p0-contract-native/architect-semantic-disposition-approval.json,96cd0595fbc89fcd847ee58dd8427aa59bd008c8639b8f82d9bf4d6095b3b5ae,none,forbidden-clean-genesis
dotns:test/invariant/registrar/DotnsPopControllerInvariant.t.sol,https://github.com/paritytech/dotns.git,05a91f7f3c8f1c2c3d2d4d333d77d9f64892bc0d,test/invariant/registrar/DotnsPopControllerInvariant.t.sol,0d97c0f26448d6424700bd5495707cd746161f0f95f7f42a41f1712546b1ab52,MIT,fixture,function:invariant_every_minted_tokenId_has_nonempty_label;function:invariant_fullClaim_liteLink_are_inverse;function:invariant_no_stale_fullClaim;function:invariant_no_stale_liteLink;function:invariant_no_stuck_lapsed_pending_claims;function:invariant_one_reservation_per_account_consistent;function:invariant_pendingClaimUserCount_matches_enumeration_length;function:invariant_pendingClaimUsers_mirrors_pendingClaims_mapping;function:invariant_pending_claim_and_label_store_are_mutually_exclusive;function:invariant_popRules_head_matches_queue_head_or_zero;function:invariant_queue_length_bounded;function:setUp;state:handler,"test/deployment fixture declarations: functions=12, events=0, errors=0",fixture path is evidence only; source deployment/test execution is not authoritative network state,not-applicable,Non-normative file-level summary; exact per-symbol disposition and native targets are defined by docs/sdk/contract-to-native-map.json.,none,normative per-symbol mapping: docs/sdk/contract-to-native-map.json,normative per-symbol mapping: docs/sdk/contract-to-native-map.json,normative per-symbol mapping: docs/sdk/contract-to-native-map.json,migration-domain-owner,immutable-source:05a91f7f3c8f1c2c3d2d4d333d77d9f64892bc0d:test/invariant/registrar/DotnsPopControllerInvariant.t.sol,manifest:APPROVED,not-applicable:14,1,docs/evidence/p0-contract-native/architect-semantic-disposition-approval.json,96cd0595fbc89fcd847ee58dd8427aa59bd008c8639b8f82d9bf4d6095b3b5ae,none,forbidden-clean-genesis
dotns:test/invariant/registrar/DotnsRegistrarControllerInvariant.t.sol,https://github.com/paritytech/dotns.git,05a91f7f3c8f1c2c3d2d4d333d77d9f64892bc0d,test/invariant/registrar/DotnsRegistrarControllerInvariant.t.sol,8248210bee7a3a67ff6bee2b8081c375db91f722c7d3375062c29103fdc7106e,MIT,fixture,function:invariant_consumed_commitments_deleted;function:invariant_current_owners_have_label_in_store;function:invariant_no_stuck_funds;function:invariant_ownership_consistency;function:invariant_registered_names_unavailable;function:invariant_registration_count_consistent;function:invariant_reserved_names_have_reverse_resolution;function:invariant_store_entries_locked;function:invariant_transfer_recipients_have_store_entries;function:invariant_value_conservation;function:setUp;state:handler,"test/deployment fixture declarations: functions=11, events=0, errors=0",fixture path is evidence only; source deployment/test execution is not authoritative network state,not-applicable,Non-normative file-level summary; exact per-symbol disposition and native targets are defined by docs/sdk/contract-to-native-map.json.,none,normative per-symbol mapping: docs/sdk/contract-to-native-map.json,normative per-symbol mapping: docs/sdk/contract-to-native-map.json,normative per-symbol mapping: docs/sdk/contract-to-native-map.json,migration-domain-owner,immutable-source:05a91f7f3c8f1c2c3d2d4d333d77d9f64892bc0d:test/invariant/registrar/DotnsRegistrarControllerInvariant.t.sol,manifest:APPROVED,not-applicable:13,1,docs/evidence/p0-contract-native/architect-semantic-disposition-approval.json,96cd0595fbc89fcd847ee58dd8427aa59bd008c8639b8f82d9bf4d6095b3b5ae,none,forbidden-clean-genesis
dotns:test/invariant/registrar/DotnsRegistrarControllerRoleInvariant.t.sol,https://github.com/paritytech/dotns.git,05a91f7f3c8f1c2c3d2d4d333d77d9f64892bc0d,test/invariant/registrar/DotnsRegistrarControllerRoleInvariant.t.sol,440823711c22eb882fe8b700a6f26b3f7682aab102891d9ea117a090b3067442,MIT,fixture,function:invariant_whitelist_operator_role_matches_ghost_state;function:setUp;state:handler,"test/deployment fixture declarations: functions=2, events=0, errors=0",fixture path is evidence only; source deployment/test execution is not authoritative network state,not-applicable,Non-normative file-level summary; exact per-symbol disposition and native targets are defined by docs/sdk/contract-to-native-map.json.,none,normative per-symbol mapping: docs/sdk/contract-to-native-map.json,normative per-symbol mapping: docs/sdk/contract-to-native-map.json,normative per-symbol mapping: docs/sdk/contract-to-native-map.json,migration-domain-owner,immutable-source:05a91f7f3c8f1c2c3d2d4d333d77d9f64892bc0d:test/invariant/registrar/DotnsRegistrarControllerRoleInvariant.t.sol,manifest:APPROVED,not-applicable:4,1,docs/evidence/p0-contract-native/architect-semantic-disposition-approval.json,96cd0595fbc89fcd847ee58dd8427aa59bd008c8639b8f82d9bf4d6095b3b5ae,none,forbidden-clean-genesis
dotns:test/invariant/registrar/PopControllerHandler.t.sol,https://github.com/paritytech/dotns.git,05a91f7f3c8f1c2c3d2d4d333d77d9f64892bc0d,test/invariant/registrar/PopControllerHandler.t.sol,d32c91ab8aa13552829b09f7a78497252e27e8a75689e933ee77cbfe4c289a00,MIT,fixture,function:_actor;function:_baseLabel;function:_buildLiteLabel;function:_callRegisterBaseName;function:_callReserveBaseName;function:_mockCallerIsRoot;function:_mockPersonhoodTier;function:_track;function:_trackPendingActor;function:actorsCount;function:baseLabelAt;function:baseLabelCount;function:claim;function:claimedCount;function:constructor;function:expire;function:mintedLiteTokenCount;function:pendingClaimActorsSeenCount;function:priorLiteLabelCount;function:reLink;function:relinquish;function:reserve;function:reservedLabelsSeenCount;function:settlePendingClaim;function:sweepPendingClaim;function:warp;state:CONTROLLER;state:MAX_QUEUE;state:_liteSuffix;state:_pendingActorTracked;state:_tracked;state:actors;state:baseLabels;state:claimedFullNodes;state:claimedLiteLabelhashes;state:mintedLiteTokenIds;state:pendingClaimActorsSeen;state:priorLiteLabels;state:reservedLabelsSeen,"test/deployment fixture declarations: functions=26, events=0, errors=0",fixture path is evidence only; source deployment/test execution is not authoritative network state,not-applicable,Non-normative file-level summary; exact per-symbol disposition and native targets are defined by docs/sdk/contract-to-native-map.json.,none,normative per-symbol mapping: docs/sdk/contract-to-native-map.json,normative per-symbol mapping: docs/sdk/contract-to-native-map.json,normative per-symbol mapping: docs/sdk/contract-to-native-map.json,migration-domain-owner,immutable-source:05a91f7f3c8f1c2c3d2d4d333d77d9f64892bc0d:test/invariant/registrar/PopControllerHandler.t.sol,manifest:APPROVED,not-applicable:40,1,docs/evidence/p0-contract-native/architect-semantic-disposition-approval.json,96cd0595fbc89fcd847ee58dd8427aa59bd008c8639b8f82d9bf4d6095b3b5ae,none,forbidden-clean-genesis
dotns:test/invariant/registrar/RegistrarControllerHandler.t.sol,https://github.com/paritytech/dotns.git,05a91f7f3c8f1c2c3d2d4d333d77d9f64892bc0d,test/invariant/registrar/RegistrarControllerHandler.t.sol,0c4dd2bc2cda5d11fbc6621695600b7757481dfdc7f5126fa3ee9cd996470785,MIT,fixture,function:_generateUniqueLabel;function:_mockPersonhoodTier;function:_pickDifferentActor;function:_removeActiveCommitment;function:addActor;function:advanceTime;function:chainTransfer;function:commitAndRegister;function:commitOnly;function:constructor;function:getActiveCommitments;function:getConsumedCommitments;function:getRegisteredLabels;function:getRegisteredOwners;function:getRegistrationCount;function:getReservedLabels;function:getReservedOwners;function:getTransferredLabels;function:getTransferredRecipients;function:receive;function:registerWithOverpayment;function:transferName;state:DOT_NODE;state:_activeCommitments;state:_consumedCommitments;state:_registeredLabels;state:_registeredOwners;state:_reservedLabels;state:_reservedOwners;state:_transferredLabels;state:_transferredRecipients;state:actorStatus;state:actors;state:controller;state:labelNonce;state:labelRegistered;state:maxCommitmentAge;state:minCommitmentAge;state:popRules;state:registrar;state:registrationCount;state:registry;state:reverseResolver;state:storeFactory;state:transferCount,"test/deployment fixture declarations: functions=22, events=0, errors=0",fixture path is evidence only; source deployment/test execution is not authoritative network state,not-applicable,Non-normative file-level summary; exact per-symbol disposition and native targets are defined by docs/sdk/contract-to-native-map.json.,none,normative per-symbol mapping: docs/sdk/contract-to-native-map.json,normative per-symbol mapping: docs/sdk/contract-to-native-map.json,normative per-symbol mapping: docs/sdk/contract-to-native-map.json,migration-domain-owner,immutable-source:05a91f7f3c8f1c2c3d2d4d333d77d9f64892bc0d:test/invariant/registrar/RegistrarControllerHandler.t.sol,manifest:APPROVED,not-applicable:46,1,docs/evidence/p0-contract-native/architect-semantic-disposition-approval.json,96cd0595fbc89fcd847ee58dd8427aa59bd008c8639b8f82d9bf4d6095b3b5ae,none,forbidden-clean-genesis
dotns:test/invariant/registrar/RegistrarControllerRoleHandler.t.sol,https://github.com/paritytech/dotns.git,05a91f7f3c8f1c2c3d2d4d333d77d9f64892bc0d,test/invariant/registrar/RegistrarControllerRoleHandler.t.sol,17a37b602e941cb444760a8324cb8c8d5f7d7d71fe6b990a8d03f2202ed66d65,MIT,fixture,function:actors;function:constructor;function:grantWhitelistOperator;function:revokeWhitelistOperator;function:setWhitelistOperator;state:_actors;state:controller;state:ghostWhitelistOperator;state:owner,"test/deployment fixture declarations: functions=5, events=0, errors=0",fixture path is evidence only; source deployment/test execution is not authoritative network state,not-applicable,Non-normative file-level summary; exact per-symbol disposition and native targets are defined by docs/sdk/contract-to-native-map.json.,none,normative per-symbol mapping: docs/sdk/contract-to-native-map.json,normative per-symbol mapping: docs/sdk/contract-to-native-map.json,normative per-symbol mapping: docs/sdk/contract-to-native-map.json,migration-domain-owner,immutable-source:05a91f7f3c8f1c2c3d2d4d333d77d9f64892bc0d:test/invariant/registrar/RegistrarControllerRoleHandler.t.sol,manifest:APPROVED,not-applicable:10,1,docs/evidence/p0-contract-native/architect-semantic-disposition-approval.json,96cd0595fbc89fcd847ee58dd8427aa59bd008c8639b8f82d9bf4d6095b3b5ae,none,forbidden-clean-genesis
dotns:test/invariant/registry/DotnsRegistryInvariant.t.sol,https://github.com/paritytech/dotns.git,05a91f7f3c8f1c2c3d2d4d333d77d9f64892bc0d,test/invariant/registry/DotnsRegistryInvariant.t.sol,b08a4daf44bc3d5b8a860b546dc059cc5328387b7aa6b3b3f5f83f300eab7691,MIT,fixture,function:invariant_parent_can_always_reassign_subnodes;function:invariant_subnode_owner_authorized;function:invariant_subnodes_always_exist;function:setUp;state:handler,"test/deployment fixture declarations: functions=4, events=0, errors=0",fixture path is evidence only; source deployment/test execution is not authoritative network state,not-applicable,Non-normative file-level summary; exact per-symbol disposition and native targets are defined by docs/sdk/contract-to-native-map.json.,none,normative per-symbol mapping: docs/sdk/contract-to-native-map.json,normative per-symbol mapping: docs/sdk/contract-to-native-map.json,normative per-symbol mapping: docs/sdk/contract-to-native-map.json,migration-domain-owner,immutable-source:05a91f7f3c8f1c2c3d2d4d333d77d9f64892bc0d:test/invariant/registry/DotnsRegistryInvariant.t.sol,manifest:APPROVED,not-applicable:6,1,docs/evidence/p0-contract-native/architect-semantic-disposition-approval.json,96cd0595fbc89fcd847ee58dd8427aa59bd008c8639b8f82d9bf4d6095b3b5ae,none,forbidden-clean-genesis
dotns:test/invariant/registry/RegistryHandler.t.sol,https://github.com/paritytech/dotns.git,05a91f7f3c8f1c2c3d2d4d333d77d9f64892bc0d,test/invariant/registry/RegistryHandler.t.sol,ec8526dc412518fd53f2820e6a3f64d16bb2c7ba1a947a1c3d47f9ebbbb9dcd3,MIT,fixture,function:_computeNode;function:_createSubnode;function:_generateUniqueLabel;function:_mockPersonhoodTier;function:_pickDifferent;function:_registerBaseDomain;function:addActor;function:constructor;function:getRegisteredLabels;function:getSubnodeHashes;function:getSubnodeOwners;function:getSubnodeParents;function:reassignSubnode;function:receive;function:registerAndCreateSubnode;function:transferBaseDomain;state:DOT_NODE;state:_registeredLabels;state:_registeredOwners;state:_subnodeHashes;state:_subnodeOwners;state:_subnodeParents;state:actorStatus;state:actors;state:controller;state:labelNonce;state:minCommitmentAge;state:popRules;state:registrar;state:registry,"test/deployment fixture declarations: functions=16, events=0, errors=0",fixture path is evidence only; source deployment/test execution is not authoritative network state,not-applicable,Non-normative file-level summary; exact per-symbol disposition and native targets are defined by docs/sdk/contract-to-native-map.json.,none,normative per-symbol mapping: docs/sdk/contract-to-native-map.json,normative per-symbol mapping: docs/sdk/contract-to-native-map.json,normative per-symbol mapping: docs/sdk/contract-to-native-map.json,migration-domain-owner,immutable-source:05a91f7f3c8f1c2c3d2d4d333d77d9f64892bc0d:test/invariant/registry/RegistryHandler.t.sol,manifest:APPROVED,not-applicable:31,1,docs/evidence/p0-contract-native/architect-semantic-disposition-approval.json,96cd0595fbc89fcd847ee58dd8427aa59bd008c8639b8f82d9bf4d6095b3b5ae,none,forbidden-clean-genesis
dotns:test/invariant/store/StoreInvariant.t.sol,https://github.com/paritytech/dotns.git,05a91f7f3c8f1c2c3d2d4d333d77d9f64892bc0d,test/invariant/store/StoreInvariant.t.sol,d2f60808fe9c5b601a790c237089936b3182031a424188e9bc2a0f3c25d8969d,MIT,fixture,function:invariant_at_most_one_store_of_each_type_per_user;function:invariant_enumeration_matches_counters;function:invariant_factory_owns_both_beacons;function:invariant_locked_label_text_never_changes;function:invariant_locked_labels_never_unlock;function:setUp;state:handler,"test/deployment fixture declarations: functions=6, events=0, errors=0",fixture path is evidence only; source deployment/test execution is not authoritative network state,not-applicable,Non-normative file-level summary; exact per-symbol disposition and native targets are defined by docs/sdk/contract-to-native-map.json.,none,normative per-symbol mapping: docs/sdk/contract-to-native-map.json,normative per-symbol mapping: docs/sdk/contract-to-native-map.json,normative per-symbol mapping: docs/sdk/contract-to-native-map.json,migration-domain-owner,immutable-source:05a91f7f3c8f1c2c3d2d4d333d77d9f64892bc0d:test/invariant/store/StoreInvariant.t.sol,manifest:APPROVED,not-applicable:8,1,docs/evidence/p0-contract-native/architect-semantic-disposition-approval.json,96cd0595fbc89fcd847ee58dd8427aa59bd008c8639b8f82d9bf4d6095b3b5ae,none,forbidden-clean-genesis
dotns:test/invariant/store/StoreInvariantHandler.t.sol,https://github.com/paritytech/dotns.git,05a91f7f3c8f1c2c3d2d4d333d77d9f64892bc0d,test/invariant/store/StoreInvariantHandler.t.sol,55900f5d23b1d7747e815b6a5416f5850649c919da81e60bf562b136688fd60f,MIT,fixture,function:addUser;function:claimUserStore;function:constructor;function:deployLabelStore;function:labelStoreCount;function:setValue;function:storeLabel;function:userCount;function:userStoreCount;function:writtenLabelhashAt;function:writtenLabelhashCount;state:FACTORY;state:OWNER;state:PROTOCOL_WRITER;state:REGISTRY;state:_writtenLabelhashes;state:frozenLabel;state:labelStores;state:sawLocked;state:userStoreOwnerOf;state:userStores;state:users,"test/deployment fixture declarations: functions=11, events=0, errors=0",fixture path is evidence only; source deployment/test execution is not authoritative network state,not-applicable,Non-normative file-level summary; exact per-symbol disposition and native targets are defined by docs/sdk/contract-to-native-map.json.,none,normative per-symbol mapping: docs/sdk/contract-to-native-map.json,normative per-symbol mapping: docs/sdk/contract-to-native-map.json,normative per-symbol mapping: docs/sdk/contract-to-native-map.json,migration-domain-owner,immutable-source:05a91f7f3c8f1c2c3d2d4d333d77d9f64892bc0d:test/invariant/store/StoreInvariantHandler.t.sol,manifest:APPROVED,not-applicable:23,1,docs/evidence/p0-contract-native/architect-semantic-disposition-approval.json,96cd0595fbc89fcd847ee58dd8427aa59bd008c8639b8f82d9bf4d6095b3b5ae,none,forbidden-clean-genesis
dotns:test/stress/store/StoreStress.t.sol,https://github.com/paritytech/dotns.git,05a91f7f3c8f1c2c3d2d4d333d77d9f64892bc0d,test/stress/store/StoreStress.t.sol,79208b5523a192dcbf4fa0c2a841ef75bf99af087964d1de05ed6dcc87c5d991,MIT,fixture,function:_buildBlob;function:_freshLabelStore;function:_freshUserStore;function:_intString;function:test_label_store_many_labels;function:test_pagination_extreme_bounds;function:test_user_store_deep_history;function:test_user_store_large_value_round_trip;function:test_user_store_many_keys,"test/deployment fixture declarations: functions=9, events=0, errors=0",fixture path is evidence only; source deployment/test execution is not authoritative network state,not-applicable,Non-normative file-level summary; exact per-symbol disposition and native targets are defined by docs/sdk/contract-to-native-map.json.,none,normative per-symbol mapping: docs/sdk/contract-to-native-map.json,normative per-symbol mapping: docs/sdk/contract-to-native-map.json,normative per-symbol mapping: docs/sdk/contract-to-native-map.json,migration-domain-owner,immutable-source:05a91f7f3c8f1c2c3d2d4d333d77d9f64892bc0d:test/stress/store/StoreStress.t.sol,manifest:APPROVED,not-applicable:10,1,docs/evidence/p0-contract-native/architect-semantic-disposition-approval.json,96cd0595fbc89fcd847ee58dd8427aa59bd008c8639b8f82d9bf4d6095b3b5ae,none,forbidden-clean-genesis
dotns:test/unit/deploy/DeterministicDeployment.t.sol,https://github.com/paritytech/dotns.git,05a91f7f3c8f1c2c3d2d4d333d77d9f64892bc0d,test/unit/deploy/DeterministicDeployment.t.sol,5b2f3ff9ca794edcf82a9204be98131aa5413ad222fed8300cf91423564b96f0,MIT,fixture,field:CoreAddresses.multicall3;field:CoreAddresses.protocolRegistry;field:CoreAddresses.registrar;field:CoreAddresses.registry;field:CoreAddresses.reverseResolver;field:CoreAddresses.storeFactory;function:_deployCore;function:_deployMulticall3On;function:_deployRegistry;function:_deployRegistryOn;function:_predictMulticall3On;function:setUp;function:test_addressesIdenticalAcrossDeployers;function:test_addressesStableAcrossSequentialRuns;function:test_coreDeploymentAddressesStayTheSameAcrossChainIds;function:test_create3FactoryResolvesFromProtocolRegistry;function:test_predictionsMatchCreate3Deployments;function:test_predictionsMatchForNonProxyDeploys;state:deployer;state:factory;state:owner;struct:CoreAddresses,"test/deployment fixture declarations: functions=12, events=0, errors=0",fixture path is evidence only; source deployment/test execution is not authoritative network state,not-applicable,Non-normative file-level summary; exact per-symbol disposition and native targets are defined by docs/sdk/contract-to-native-map.json.,none,normative per-symbol mapping: docs/sdk/contract-to-native-map.json,normative per-symbol mapping: docs/sdk/contract-to-native-map.json,normative per-symbol mapping: docs/sdk/contract-to-native-map.json,migration-domain-owner,immutable-source:05a91f7f3c8f1c2c3d2d4d333d77d9f64892bc0d:test/unit/deploy/DeterministicDeployment.t.sol,manifest:APPROVED,not-applicable:23,1,docs/evidence/p0-contract-native/architect-semantic-disposition-approval.json,96cd0595fbc89fcd847ee58dd8427aa59bd008c8639b8f82d9bf4d6095b3b5ae,none,forbidden-clean-genesis
dotns:test/unit/deploy/DeterministicDeploymentHarness.t.sol,https://github.com/paritytech/dotns.git,05a91f7f3c8f1c2c3d2d4d333d77d9f64892bc0d,test/unit/deploy/DeterministicDeploymentHarness.t.sol,6d532b81abce66fda34bd529f39cd0acd80154ee87705ca833a0bfd9c764111f,MIT,fixture,function:bootstrapCreate3Factory;function:deployCreate3;function:deployUups;function:initManifest;function:predictCreate3;function:registerCreate3Factory;function:setCreate3Factory,"test/deployment fixture declarations: functions=7, events=0, errors=0",fixture path is evidence only; source deployment/test execution is not authoritative network state,not-applicable,Non-normative file-level summary; exact per-symbol disposition and native targets are defined by docs/sdk/contract-to-native-map.json.,none,normative per-symbol mapping: docs/sdk/contract-to-native-map.json,normative per-symbol mapping: docs/sdk/contract-to-native-map.json,normative per-symbol mapping: docs/sdk/contract-to-native-map.json,migration-domain-owner,immutable-source:05a91f7f3c8f1c2c3d2d4d333d77d9f64892bc0d:test/unit/deploy/DeterministicDeploymentHarness.t.sol,manifest:APPROVED,not-applicable:8,1,docs/evidence/p0-contract-native/architect-semantic-disposition-approval.json,96cd0595fbc89fcd847ee58dd8427aa59bd008c8639b8f82d9bf4d6095b3b5ae,none,forbidden-clean-genesis
dotns:test/unit/escrow/DotnsNameEscrow.t.sol,https://github.com/paritytech/dotns.git,05a91f7f3c8f1c2c3d2d4d333d77d9f64892bc0d,test/unit/escrow/DotnsNameEscrow.t.sol,e02e0e3231fc4accb29ebd48281d90fe10120529fbb40b4a53b5cbcf5957e2e7,MIT,fixture,function:_approveAndRelease;function:_crossPayerRegister;function:_fullWithdrawFlow;function:_registerNoStatus;function:constructor;function:mint;function:test_PopFull_to_PopLite_on_PopLite_tier_name_pays_D;function:test_cross_payer_friction_only_when_priced_owner_is_zero;function:test_cross_payer_verified_sponsors_nostatus_pays_only_D;function:test_cross_payer_verified_sponsors_verified_pays_zero;function:test_deposit_records_position;function:test_funded_position_follows_NFT_through_multiple_transfers;function:test_pop_full_name_releases_through_zero_amount_position;function:test_reclaim_transfers_custody_to_new_owner;function:test_release_and_withdraw_subject_to_cooldown_after_transfer;function:test_release_transfers_token_to_escrow;function:test_released_tokens_pagination;function:test_revert_deposit_already_funded;function:test_revert_deposit_not_controller;function:test_revert_double_release;function:test_revert_ghost_nft_transfer_into_escrow;function:test_revert_reclaim_before_withdraw;function:test_revert_reclaim_not_controller;function:test_revert_release_escrow_not_approved;function:test_revert_release_not_holder;function:test_revert_withdraw_before_cooldown;function:test_revert_withdraw_not_recipient;function:test_same_tier_NoStatus_transfer_rebinds_position_to_new_holder;function:test_solvency_after_force_sent_funds;function:test_transfer_charges_friction_and_rebinds_position;function:test_transfer_no_rebind_when_to_equals_position_recipient;function:test_update_cooldown;function:test_withdraw_sends_refund_after_cooldown;function:test_zero_amount_position_rebinds_to_new_holder_on_transfer;state:LABEL,"test/deployment fixture declarations: functions=34, events=0, errors=0",fixture path is evidence only; source deployment/test execution is not authoritative network state,not-applicable,Non-normative file-level summary; exact per-symbol disposition and native targets are defined by docs/sdk/contract-to-native-map.json.,none,normative per-symbol mapping: docs/sdk/contract-to-native-map.json,normative per-symbol mapping: docs/sdk/contract-to-native-map.json,normative per-symbol mapping: docs/sdk/contract-to-native-map.json,migration-domain-owner,immutable-source:05a91f7f3c8f1c2c3d2d4d333d77d9f64892bc0d:test/unit/escrow/DotnsNameEscrow.t.sol,manifest:APPROVED,not-applicable:36,1,docs/evidence/p0-contract-native/architect-semantic-disposition-approval.json,96cd0595fbc89fcd847ee58dd8427aa59bd008c8639b8f82d9bf4d6095b3b5ae,none,forbidden-clean-genesis
dotns:test/unit/escrow/DotnsNameEscrowRefunds.t.sol,https://github.com/paritytech/dotns.git,05a91f7f3c8f1c2c3d2d4d333d77d9f64892bc0d,test/unit/escrow/DotnsNameEscrowRefunds.t.sol,ce83e138430ad4774779cb3ea08550ef0d904096281b166e479de6cdd09f0838,MIT,fixture,function:_assertEntryDeleted;function:_credit;function:_warpPast;function:exposeCreditRefund;function:exposeEntryIndexPlusOne;function:exposeRemoveRefundEntry;function:marker;function:setUp;function:test_claimRefund_emitsRefundClaimed;function:test_claimRefund_revertsBeforeCooldown;function:test_claimRefund_revertsOnTransferFailure;function:test_claimRefund_revertsWhenCallerIsNotRecipient;function:test_claimRefund_transfersAndDeletes;function:test_claimRefundsBatch_aggregatesAndTransfers;function:test_claimRefundsBatch_atomicOnLockedEntry;function:test_claimRefundsBatch_revertsOnEmpty;function:test_creditRefund_allocatesMonotonicEntryIds;function:test_creditRefund_emitsRefundCredited;function:test_creditRefund_independentCooldowns;function:test_creditRefund_revertsOnZeroAmount;function:test_creditRefund_revertsOnZeroRecipient;function:test_pendingRefundIds_paginates;function:test_removeRefundEntry_swapPopMiddlePreservesIndices;state:DEFAULT_COOLDOWN;state:TOKEN_ID;state:harness;state:otherRecipient;state:recipient,"test/deployment fixture declarations: functions=23, events=0, errors=0",fixture path is evidence only; source deployment/test execution is not authoritative network state,not-applicable,Non-normative file-level summary; exact per-symbol disposition and native targets are defined by docs/sdk/contract-to-native-map.json.,none,normative per-symbol mapping: docs/sdk/contract-to-native-map.json,normative per-symbol mapping: docs/sdk/contract-to-native-map.json,normative per-symbol mapping: docs/sdk/contract-to-native-map.json,migration-domain-owner,immutable-source:05a91f7f3c8f1c2c3d2d4d333d77d9f64892bc0d:test/unit/escrow/DotnsNameEscrowRefunds.t.sol,manifest:APPROVED,not-applicable:29,1,docs/evidence/p0-contract-native/architect-semantic-disposition-approval.json,96cd0595fbc89fcd847ee58dd8427aa59bd008c8639b8f82d9bf4d6095b3b5ae,none,forbidden-clean-genesis
dotns:test/unit/pop/PopRules.t.sol,https://github.com/paritytech/dotns.git,05a91f7f3c8f1c2c3d2d4d333d77d9f64892bc0d,test/unit/pop/PopRules.t.sol,d12824f38442adf1a7833f7e11e2bfed95b1d2eac14371b3a8da4657f384c290,MIT,fixture,function:test_base_reservation_blocks_others;function:test_classify_governance;function:test_classify_nostatus;function:test_classify_nostatus_no_digits;function:test_classify_popfull;function:test_classify_poplite;function:test_classify_reverts_for_one_digit_suffix;function:test_classify_reverts_for_three_digit_suffix;function:test_flat_price_does_not_scale_with_length;function:test_popfull_user_can_access_poplite_name;function:test_poplite_user_can_access_nostatus_name;function:test_price_with_check_revert_full_needed;function:test_price_with_check_revert_governance;function:test_price_without_check_returns_price_for_reserved;function:test_releaseBaseName_expired_slot_cleared_by_any_controller;function:test_releaseBaseName_reverts_for_non_controller;function:test_releaseBaseName_reverts_for_non_reserving_controller;function:test_releaseBaseName_succeeds_for_reserving_controller;function:test_reserveBaseNameForPop_refreshes_expiry_for_same_owner;function:test_reserveBaseNameForPop_reverts_for_non_controller;function:test_reserveBaseNameForPop_reverts_when_slot_held_by_other_user;function:test_writeReservation_preserves_original_controller_on_same_owner_refresh,"test/deployment fixture declarations: functions=22, events=0, errors=0",fixture path is evidence only; source deployment/test execution is not authoritative network state,not-applicable,Non-normative file-level summary; exact per-symbol disposition and native targets are defined by docs/sdk/contract-to-native-map.json.,none,normative per-symbol mapping: docs/sdk/contract-to-native-map.json,normative per-symbol mapping: docs/sdk/contract-to-native-map.json,normative per-symbol mapping: docs/sdk/contract-to-native-map.json,migration-domain-owner,immutable-source:05a91f7f3c8f1c2c3d2d4d333d77d9f64892bc0d:test/unit/pop/PopRules.t.sol,manifest:APPROVED,not-applicable:23,1,docs/evidence/p0-contract-native/architect-semantic-disposition-approval.json,96cd0595fbc89fcd847ee58dd8427aa59bd008c8639b8f82d9bf4d6095b3b5ae,none,forbidden-clean-genesis
dotns:test/unit/registrar/DotnsPopController.t.sol,https://github.com/paritytech/dotns.git,05a91f7f3c8f1c2c3d2d4d333d77d9f64892bc0d,test/unit/registrar/DotnsPopController.t.sol,1a54c1ef674c101c6714760d1e73c858b85704676994daf00c387a5e74bd9b59,MIT,fixture,function:_assertEventEmittedOnce;function:_assertEventNotEmitted;function:_containsAddress;function:testFuzz_bytes_overloads_reject_non_root_origin;function:test_advanceExpiredHead_last_expire_releases_popRules_slot;function:test_advanceExpiredHead_promotes_waiter_and_resyncs_popRules;function:test_both_controllers_can_mint_on_shared_registrar;function:test_claimLabelStoreFor_reverts_for_non_gateway;function:test_claimLabelStore_at_exact_expiry_boundary_belongs_to_user;function:test_claimLabelStore_deploys_store_and_writes_label_and_chat_key;function:test_claimLabelStore_emits_settled_and_name_registered;function:test_claimLabelStore_msg_sender_keyed_other_users_stash_untouched;function:test_claimLabelStore_with_empty_chat_key_skips_resolver_write;function:test_claim_releases_popRules_slot;function:test_claim_then_reEnqueue_on_same_stem_resets_cleanly;function:test_controller_authorised_but_not_gateway_cannot_enter_pop_flow;function:test_enqueueReservation_same_user_second_call_replaces_first;function:test_enqueue_becomesHead_writes_popRules_reservation;function:test_entry_point_format_rejections;function:test_expirePendingClaim_clears_entry_after_reservation_duration;function:test_expireReservation_is_permissionless;function:test_expireReservation_on_empty_queue_is_noop;function:test_gatewayReserve_pending_claim_lapses_after_minimum_duration;function:test_gatewayReserve_stashes_pending_claim_when_user_has_no_label_store;function:test_gatewayReserve_warm_user_after_claim_writes_directly_without_stashing;function:test_gateway_can_settle_label_store_for_user;function:test_gateway_reserved_name_allows_holder_to_register_via_public;function:test_gateway_reserved_name_rejects_public_register_by_other_user;function:test_head_expires_clears_slot_for_next_reserver;function:test_multiWaiter_standaloneGuard_rejects_non_head_user;function:test_non_owner_cannot_create_subname_under_pop_minted_name;function:test_owner_of_pop_minted_name_can_create_subname;function:test_pendingClaimUsers_enumeration_mirrors_stash_and_settle;function:test_pendingClaimUsers_pagination_boundary_cases;function:test_pendingClaimUsers_returns_empty_when_offset_past_count;function:test_pendingClaims_returns_empty_array_for_fresh_user;function:test_pop_reservation_of_already_public_minted_name_fails_on_claim;function:test_public_register_after_pop_full_mint_reverts_at_registrar;function:test_public_stranger_can_mint_after_claim_clears_reservation;function:test_public_stranger_can_mint_after_reservation_expires;function:test_reEnqueue_after_own_expiry_promotes_same_user_to_head;function:test_registerBaseName_claim_by_store_less_full_person_piles_then_settles;function:test_registerBaseName_claim_emits_claim_event_and_not_standalone;function:test_registerBaseName_claim_inherits_chat_key_from_lite_node;function:test_registerBaseName_claim_path_bypasses_standalone_holder_guard;function:test_registerBaseName_claim_wipes_entire_queue;function:test_registerBaseName_guard_blocks_stranger_and_preserves_claim;function:test_registerBaseName_popFull_user_on_popFull_label_succeeds;function:test_registerBaseName_reverts_for_governance_length_name;function:test_registerBaseName_reverts_when_origin_is_not_root;function:test_registerBaseName_standalone_auto_relinquishes_users_other_reservation;function:test_registerBaseName_standalone_emits_standalone_event_and_not_claim;function:test_registerBaseName_standalone_succeeds_when_head_is_expired;function:test_registerBaseName_standalone_succeeds_when_queue_empty;function:test_registerBaseName_standalone_with_lite_link_silently_relinquishes;function:test_registerBaseName_zero_length_label_reverts;function:test_relinquishReservation_promotes_next_waiter_when_head_leaves;function:test_relinquishReservation_reverts_when_caller_has_no_reservation;function:test_relinquish_last_releases_popRules_slot;function:test_reserveBaseNameOnly_does_not_mint_lite_or_base_name;function:test_reserveBaseNameOnly_reverts_for_non_gateway;function:test_reserveBaseNameOnly_reverts_for_reserved_or_suffixed_labels;function:test_reserveBaseNameOnly_same_user_can_replace_prior_reservation;function:test_reserveBaseName_accepts_65_byte_chat_key;function:test_reserveBaseName_enqueues_when_reserved_label_provided;function:test_reserveBaseName_lite_and_base_legs_both_succeed_in_one_call;function:test_reserveBaseName_mints_and_wires_registry_and_resolver;function:test_reserveBaseName_reserved_label_classification_reverts;function:test_reserveBaseName_reverts_for_digit_suffixed_reserved_base_label;function:test_reserveBaseName_reverts_when_origin_is_not_root;function:test_reserveLiteName_bytes_reverts_on_malformed_payload;function:test_reserveLiteName_piles_second_pending_claim_when_caller_has_no_store;function:test_reserveLiteName_reverts_for_non_lite_format;function:test_reserveLiteName_reverts_when_flattened_label_is_governance_reserved;function:test_reserveLiteName_reverts_when_origin_is_not_root;function:test_reserveLiteName_reverts_when_suffix_is_not_exactly_two_digits;function:test_reserveLiteName_succeeds_for_long_stem;function:test_reserveLiteName_succeeds_regardless_of_base_reservation;function:test_revert_claimLabelStore_when_caller_has_no_pending_claim;function:test_revert_claimLabelStore_when_pending_claim_has_lapsed;function:test_revert_expirePendingClaim_when_entry_is_still_live;function:test_revert_expirePendingClaim_when_user_has_no_pending_claim;function:test_revert_setReservationDuration_below_minimum;function:test_same_stem_lite_and_base_occupy_distinct_registrar_tokens;function:test_second_pop_lite_mint_of_same_label_reverts_at_registrar;function:test_setReservationDuration_reverts_for_non_owner;function:test_setReservationDuration_shortening_retroactively_expires_live_entries;function:test_split_gateway_flow_mints_lite_then_reserves_base;function:test_user_claimLabelStore_fallback_still_settles_after_gateway_mint,"test/deployment fixture declarations: functions=89, events=0, errors=0",fixture path is evidence only; source deployment/test execution is not authoritative network state,not-applicable,Non-normative file-level summary; exact per-symbol disposition and native targets are defined by docs/sdk/contract-to-native-map.json.,none,normative per-symbol mapping: docs/sdk/contract-to-native-map.json,normative per-symbol mapping: docs/sdk/contract-to-native-map.json,normative per-symbol mapping: docs/sdk/contract-to-native-map.json,migration-domain-owner,immutable-source:05a91f7f3c8f1c2c3d2d4d333d77d9f64892bc0d:test/unit/registrar/DotnsPopController.t.sol,manifest:APPROVED,not-applicable:90,1,docs/evidence/p0-contract-native/architect-semantic-disposition-approval.json,96cd0595fbc89fcd847ee58dd8427aa59bd008c8639b8f82d9bf4d6095b3b5ae,none,forbidden-clean-genesis
dotns:test/unit/registrar/DotnsRegistrar.t.sol,https://github.com/paritytech/dotns.git,05a91f7f3c8f1c2c3d2d4d333d77d9f64892bc0d,test/unit/registrar/DotnsRegistrar.t.sol,d168023d481b15a4f05eb9fa400bb54870a0ef158d4fbafa314549ff02f29c9c,MIT,fixture,function:test_add_controller;function:test_add_controller_emits_event;function:test_add_controller_reverts_for_non_owner;function:test_approvals_work;function:test_available_before_after_register;function:test_available_when_token_held_by_escrow_returns_true;function:test_exists_reports_minted_state;function:test_initialize_cannot_be_called_twice;function:test_label_of_returns_empty_for_nonexistent_token;function:test_label_of_returns_empty_when_owner_has_no_label_store;function:test_label_of_returns_stripped_label;function:test_quote_transfer_fee_reverts_for_zero_recipient;function:test_quote_transfer_fee_reverts_when_escrow_unconfigured;function:test_quote_transfer_fee_zero_for_escrow_recipient;function:test_quote_transfer_fee_zero_for_self_transfer;function:test_quote_transfer_fee_zero_when_no_label_recorded;function:test_register_emits_name_registered;function:test_register_mints_to_owner;function:test_register_reverts_for_non_controller;function:test_register_reverts_when_name_not_available;function:test_register_with_empty_label_skips_store_write;function:test_register_writes_label_into_owner_label_store;function:test_remove_controller;function:test_remove_controller_emits_event;function:test_remove_controller_reverts_for_non_owner;function:test_self_transfer_skips_fee_charge;function:test_supports_ierc721_interface;function:test_transfer_reverts_when_fee_required_but_no_value_attached;function:test_upgrade_rejects_non_owner;function:test_version_string,"test/deployment fixture declarations: functions=30, events=0, errors=0",fixture path is evidence only; source deployment/test execution is not authoritative network state,not-applicable,Non-normative file-level summary; exact per-symbol disposition and native targets are defined by docs/sdk/contract-to-native-map.json.,none,normative per-symbol mapping: docs/sdk/contract-to-native-map.json,normative per-symbol mapping: docs/sdk/contract-to-native-map.json,normative per-symbol mapping: docs/sdk/contract-to-native-map.json,migration-domain-owner,immutable-source:05a91f7f3c8f1c2c3d2d4d333d77d9f64892bc0d:test/unit/registrar/DotnsRegistrar.t.sol,manifest:APPROVED,not-applicable:31,1,docs/evidence/p0-contract-native/architect-semantic-disposition-approval.json,96cd0595fbc89fcd847ee58dd8427aa59bd008c8639b8f82d9bf4d6095b3b5ae,none,forbidden-clean-genesis
dotns:test/unit/registrar/DotnsRegistrarController.t.sol,https://github.com/paritytech/dotns.git,05a91f7f3c8f1c2c3d2d4d333d77d9f64892bc0d,test/unit/registrar/DotnsRegistrarController.t.sol,6c49e641e1cece37fbd6f8c8a8f0b2cff866b7d278d389dd241f43ee72f6b168,MIT,fixture,function:test_available_reverts_for_dotted_label;function:test_available_reverts_for_empty_label;function:test_available_state_transitions;function:test_commit_allows_recommit_after_expiry;function:test_commit_allows_recommit_at_exact_expiry_boundary;function:test_commit_sets_timestamp;function:test_initialize_reverts_when_max_above_ceiling;function:test_initialize_reverts_when_max_not_greater_than_min;function:test_initialize_reverts_when_min_commitment_age_is_zero;function:test_mint_does_not_trigger_store_write;function:test_non_owner_cannot_grant_role;function:test_non_owner_cannot_revoke_role;function:test_owner_can_grant_and_revoke_whitelist_operator;function:test_register_does_not_overwrite_third_party_reverse_record;function:test_register_popfull_wires_all_records;function:test_register_poplite_reserves_base_name;function:test_register_reverts_at_exact_expiry_boundary;function:test_register_reverts_for_dotted_label;function:test_registerreserved_revertnon_owner;function:test_registerreserved_writes_to_store;function:test_removed_from_whitelist_cannot_register_reserved;function:test_revert_cross_payer_sponsoring_unverified_owner;function:test_safe_transfer_writes_to_store;function:test_setrole_reverts_for_unsupported_role;function:test_setrole_reverts_for_zero_address;function:test_supports_idotnsrolemanager_interface;function:test_transfer_back_skips_locked_entry;function:test_transfer_clears_primary_reverse_name_when_current_name_is_moved;function:test_transfer_round_trip_to_original_depositor_rebinds_position_back;function:test_transfer_skips_store_deploy_when_label_empty;function:test_transfer_via_approved_operator_writes_to_store;function:test_transfer_writes_label_and_creates_store;function:test_transfer_zero_fee_rebinds_position_to_new_holder;function:test_whitelist_operator_can_whitelist_address;function:test_whitelistaddress_reverts_without_owner_or_operator;function:test_whitelisted_can_register_reserved,"test/deployment fixture declarations: functions=36, events=0, errors=0",fixture path is evidence only; source deployment/test execution is not authoritative network state,not-applicable,Non-normative file-level summary; exact per-symbol disposition and native targets are defined by docs/sdk/contract-to-native-map.json.,none,normative per-symbol mapping: docs/sdk/contract-to-native-map.json,normative per-symbol mapping: docs/sdk/contract-to-native-map.json,normative per-symbol mapping: docs/sdk/contract-to-native-map.json,migration-domain-owner,immutable-source:05a91f7f3c8f1c2c3d2d4d333d77d9f64892bc0d:test/unit/registrar/DotnsRegistrarController.t.sol,manifest:APPROVED,not-applicable:37,1,docs/evidence/p0-contract-native/architect-semantic-disposition-approval.json,96cd0595fbc89fcd847ee58dd8427aa59bd008c8639b8f82d9bf4d6095b3b5ae,none,forbidden-clean-genesis
dotns:test/unit/registrar/DotnsRegistrarControllerLifecycle.t.sol,https://github.com/paritytech/dotns.git,05a91f7f3c8f1c2c3d2d4d333d77d9f64892bc0d,test/unit/registrar/DotnsRegistrarControllerLifecycle.t.sol,8ec3d02e8a85882c4d0f48af3ac3177c3880892f383615a198eadc971cf29f38,MIT,fixture,function:test_register_creates_escrow_position_for_zero_priced_registration;function:test_register_cross_payer_charges_max_not_sum_of_price_and_reach;function:test_register_cross_payer_routes_owner_price_to_insurance;function:test_register_overpayment_falls_back_to_ledger_on_rejecting_contract;function:test_register_overpayment_pushed_directly_to_accepting_contract;function:test_register_overpayment_pushed_directly_to_eoa_payer;function:test_register_overpayment_reentrant_attacker_falls_back_to_ledger;function:test_register_reclaim_state_consistent_during_safe_transfer_callback;function:test_register_reclaim_succeeds_for_new_poplite_owner;function:test_register_second_reserved_name_preserves_prior_primary_reverse_record;function:test_revert_register_cross_payer_when_msg_value_below_max_of_price_and_reach;function:test_revert_register_on_reentry_from_onerc721received;function:test_revert_registerreserved_for_already_seeded_label,"test/deployment fixture declarations: functions=13, events=0, errors=0",fixture path is evidence only; source deployment/test execution is not authoritative network state,not-applicable,Non-normative file-level summary; exact per-symbol disposition and native targets are defined by docs/sdk/contract-to-native-map.json.,none,normative per-symbol mapping: docs/sdk/contract-to-native-map.json,normative per-symbol mapping: docs/sdk/contract-to-native-map.json,normative per-symbol mapping: docs/sdk/contract-to-native-map.json,migration-domain-owner,immutable-source:05a91f7f3c8f1c2c3d2d4d333d77d9f64892bc0d:test/unit/registrar/DotnsRegistrarControllerLifecycle.t.sol,manifest:APPROVED,not-applicable:14,1,docs/evidence/p0-contract-native/architect-semantic-disposition-approval.json,96cd0595fbc89fcd847ee58dd8427aa59bd008c8639b8f82d9bf4d6095b3b5ae,none,forbidden-clean-genesis
dotns:test/unit/registrar/RootGatewayDispatcher.t.sol,https://github.com/paritytech/dotns.git,05a91f7f3c8f1c2c3d2d4d333d77d9f64892bc0d,test/unit/registrar/RootGatewayDispatcher.t.sol,1c5b10f75f18609de5c14e5da45aa7ef3f89cce8cf5f563299bc8c48139f4612,MIT,fixture,function:setUp;function:test_controller_authorises_call_from_dispatcher_address;function:test_controller_rejects_unknown_msg_sender_when_not_root;function:test_dispatcher_bubbles_controller_revert_data;function:test_dispatcher_forwards_to_controller_when_root;function:test_dispatcher_rejects_value_transfers;function:test_dispatcher_reverts_when_caller_is_not_root;function:test_dispatcher_target_is_immutable_and_points_to_controller;function:test_rotating_pop_gateway_key_revokes_old_dispatcher;state:_RESERVE_LITE_TYPED_SELECTOR;state:dispatcher,"test/deployment fixture declarations: functions=9, events=0, errors=0",fixture path is evidence only; source deployment/test execution is not authoritative network state,not-applicable,Non-normative file-level summary; exact per-symbol disposition and native targets are defined by docs/sdk/contract-to-native-map.json.,none,normative per-symbol mapping: docs/sdk/contract-to-native-map.json,normative per-symbol mapping: docs/sdk/contract-to-native-map.json,normative per-symbol mapping: docs/sdk/contract-to-native-map.json,migration-domain-owner,immutable-source:05a91f7f3c8f1c2c3d2d4d333d77d9f64892bc0d:test/unit/registrar/RootGatewayDispatcher.t.sol,manifest:APPROVED,not-applicable:12,1,docs/evidence/p0-contract-native/architect-semantic-disposition-approval.json,96cd0595fbc89fcd847ee58dd8427aa59bd008c8639b8f82d9bf4d6095b3b5ae,none,forbidden-clean-genesis
dotns:test/unit/registry/DotnsRegistry.t.sol,https://github.com/paritytech/dotns.git,05a91f7f3c8f1c2c3d2d4d333d77d9f64892bc0d,test/unit/registry/DotnsRegistry.t.sol,42a5fc05b5d439e2ac23629d7fa938ae895f1be3d4c828b7c0857bb4e6f2a9b0,MIT,fixture,function:test_new_parent_can_reassign_after_erc721_transfer;function:test_node_owner_can_clear_resolver_to_zero;function:test_node_owner_creates_nested_subnode_with_canonical_parent_path;function:test_node_owner_creates_subnode_emits_event_and_returns_expected_subnode;function:test_node_owner_sets_resolver_emits_event_and_persists;function:test_non_parent_cannot_call_setSubnodeResolver;function:test_parent_can_set_resolver_on_subnode_via_setSubnodeResolver;function:test_parent_reassigns_existing_subnode_owner;function:test_parent_reassigns_subnode_to_self_then_sets_resolver;function:test_protocol_registry_bound_at_init;function:test_reassignment_emits_new_owner_event;function:test_reassignment_resets_resolver_to_default;function:test_registrar_controller_sets_owner_emits_event_and_sets_resolver;function:test_revert_non_parent_cannot_reassign_subnode;function:test_revert_subnode_owner_with_dotted_sublabel;function:test_revert_subnode_owner_with_empty_sublabel;function:test_revert_subnode_owner_with_parent_label_mismatch;function:test_revert_subnode_owner_with_uppercase_parent_label;function:test_revert_subnode_owner_with_uppercase_sublabel;function:test_root_record_is_not_initialized;function:test_same_sublabel_under_different_parents_owned_by_same_address;function:test_setSubnodeResolver_reverts_on_nonexistent_subnode;function:test_subnode_owner_can_still_set_resolver_directly;function:test_subnode_owner_creates_nested_subnode_under_owned_parent,"test/deployment fixture declarations: functions=24, events=0, errors=0",fixture path is evidence only; source deployment/test execution is not authoritative network state,not-applicable,Non-normative file-level summary; exact per-symbol disposition and native targets are defined by docs/sdk/contract-to-native-map.json.,none,normative per-symbol mapping: docs/sdk/contract-to-native-map.json,normative per-symbol mapping: docs/sdk/contract-to-native-map.json,normative per-symbol mapping: docs/sdk/contract-to-native-map.json,migration-domain-owner,immutable-source:05a91f7f3c8f1c2c3d2d4d333d77d9f64892bc0d:test/unit/registry/DotnsRegistry.t.sol,manifest:APPROVED,not-applicable:25,1,docs/evidence/p0-contract-native/architect-semantic-disposition-approval.json,96cd0595fbc89fcd847ee58dd8427aa59bd008c8639b8f82d9bf4d6095b3b5ae,none,forbidden-clean-genesis
dotns:test/unit/resolver/DotnsContentResolver.t.sol,https://github.com/paritytech/dotns.git,05a91f7f3c8f1c2c3d2d4d333d77d9f64892bc0d,test/unit/resolver/DotnsContentResolver.t.sol,4b594ad27afc14952efb60f3cc94856f9f83047e24dfd4ab6b9130ea89325697,MIT,fixture,function:test_operator_can_modify_records;function:test_set_contenthash;function:test_set_text,"test/deployment fixture declarations: functions=3, events=0, errors=0",fixture path is evidence only; source deployment/test execution is not authoritative network state,not-applicable,Non-normative file-level summary; exact per-symbol disposition and native targets are defined by docs/sdk/contract-to-native-map.json.,none,normative per-symbol mapping: docs/sdk/contract-to-native-map.json,normative per-symbol mapping: docs/sdk/contract-to-native-map.json,normative per-symbol mapping: docs/sdk/contract-to-native-map.json,migration-domain-owner,immutable-source:05a91f7f3c8f1c2c3d2d4d333d77d9f64892bc0d:test/unit/resolver/DotnsContentResolver.t.sol,manifest:APPROVED,not-applicable:4,1,docs/evidence/p0-contract-native/architect-semantic-disposition-approval.json,96cd0595fbc89fcd847ee58dd8427aa59bd008c8639b8f82d9bf4d6095b3b5ae,none,forbidden-clean-genesis
dotns:test/unit/resolver/DotnsPopResolver.t.sol,https://github.com/paritytech/dotns.git,05a91f7f3c8f1c2c3d2d4d333d77d9f64892bc0d,test/unit/resolver/DotnsPopResolver.t.sol,bd0b2ed5470c15df84b885f16501b4e8fac1c8fbee8a5038ab86d9e51aad81b9,MIT,fixture,function:test_rotating_pop_controller_changes_authorised_writer;function:test_setChatKey_accepts_exactly_65_bytes;function:test_setChatKey_accepts_zero_node_as_passthrough;function:test_setChatKey_auth_check_precedes_length_check_on_bad_payload;function:test_setChatKey_auth_check_runs_before_length_check;function:test_setChatKey_reverts_for_64_byte_payload;function:test_setChatKey_reverts_for_66_byte_payload;function:test_setChatKey_reverts_for_empty_payload;function:test_setChatKey_reverts_for_large_griefing_payload;function:test_setChatKey_reverts_for_one_byte_payload;function:test_setChatKey_reverts_for_unauthorised_caller;function:test_setChatKey_writes_and_emits;function:test_setLiteLink_accepts_zero_inputs_as_passthrough;function:test_setLiteLink_chain_returns_to_original_without_drift;function:test_setLiteLink_cross_chain_no_drift;function:test_setLiteLink_idempotent_relink_keeps_both_indices;function:test_setLiteLink_long_chain_invariant_holds_at_every_step;function:test_setLiteLink_old_lite_reads_zero_after_relink;function:test_setLiteLink_quadrangle_clears_both_stale_inverses;function:test_setLiteLink_reverts_for_unauthorised_caller;function:test_setLiteLink_same_full_node_relink_clears_old_reverse;function:test_setLiteLink_same_lite_relink_clears_old_forward;function:test_setLiteLink_with_zero_lite_is_passthrough;function:test_setLiteLink_writes_and_emits,"test/deployment fixture declarations: functions=24, events=0, errors=0",fixture path is evidence only; source deployment/test execution is not authoritative network state,not-applicable,Non-normative file-level summary; exact per-symbol disposition and native targets are defined by docs/sdk/contract-to-native-map.json.,none,normative per-symbol mapping: docs/sdk/contract-to-native-map.json,normative per-symbol mapping: docs/sdk/contract-to-native-map.json,normative per-symbol mapping: docs/sdk/contract-to-native-map.json,migration-domain-owner,immutable-source:05a91f7f3c8f1c2c3d2d4d333d77d9f64892bc0d:test/unit/resolver/DotnsPopResolver.t.sol,manifest:APPROVED,not-applicable:25,1,docs/evidence/p0-contract-native/architect-semantic-disposition-approval.json,96cd0595fbc89fcd847ee58dd8427aa59bd008c8639b8f82d9bf4d6095b3b5ae,none,forbidden-clean-genesis
dotns:test/unit/resolver/DotnsResolver.t.sol,https://github.com/paritytech/dotns.git,05a91f7f3c8f1c2c3d2d4d333d77d9f64892bc0d,test/unit/resolver/DotnsResolver.t.sol,618e48e550f0603daef1db38a8b6f0256e74ee4e4e3a38bb933b93d0369e2b8b,MIT,fixture,function:test_setaddress_emits_event_and_persists;function:test_setaddress_overwrites_previous_value,"test/deployment fixture declarations: functions=2, events=0, errors=0",fixture path is evidence only; source deployment/test execution is not authoritative network state,not-applicable,Non-normative file-level summary; exact per-symbol disposition and native targets are defined by docs/sdk/contract-to-native-map.json.,none,normative per-symbol mapping: docs/sdk/contract-to-native-map.json,normative per-symbol mapping: docs/sdk/contract-to-native-map.json,normative per-symbol mapping: docs/sdk/contract-to-native-map.json,migration-domain-owner,immutable-source:05a91f7f3c8f1c2c3d2d4d333d77d9f64892bc0d:test/unit/resolver/DotnsResolver.t.sol,manifest:APPROVED,not-applicable:3,1,docs/evidence/p0-contract-native/architect-semantic-disposition-approval.json,96cd0595fbc89fcd847ee58dd8427aa59bd008c8639b8f82d9bf4d6095b3b5ae,none,forbidden-clean-genesis
dotns:test/unit/resolver/DotnsReverseResolver.t.sol,https://github.com/paritytech/dotns.git,05a91f7f3c8f1c2c3d2d4d333d77d9f64892bc0d,test/unit/resolver/DotnsReverseResolver.t.sol,adeebfa8eaff36e242ca46e337cdb06a91bef3ad4cd839721097b76fd4744654,MIT,fixture,function:test_claim_reverse_record_after_receiving_transfer;function:test_claim_reverse_record_emits_event;function:test_claim_reverse_record_overwrites_existing_primary;function:test_claim_reverse_record_sets_for_current_owner;function:test_nameof_fails_closed_for_unminted_label;function:test_nameof_fails_closed_when_caller_no_longer_owns_stored_name;function:test_nameof_fails_closed_when_stored_lacks_tld_suffix;function:test_nameof_returns_empty_when_unset;function:test_protocol_registry_bound_at_init;function:test_register_preserves_existing_reverse_record;function:test_register_sets_reverse_record_for_owner;function:test_revert_claim_reverse_record_when_caller_does_not_own;state:ALT_LABEL;state:CLAIM_LABEL,"test/deployment fixture declarations: functions=12, events=0, errors=0",fixture path is evidence only; source deployment/test execution is not authoritative network state,not-applicable,Non-normative file-level summary; exact per-symbol disposition and native targets are defined by docs/sdk/contract-to-native-map.json.,none,normative per-symbol mapping: docs/sdk/contract-to-native-map.json,normative per-symbol mapping: docs/sdk/contract-to-native-map.json,normative per-symbol mapping: docs/sdk/contract-to-native-map.json,migration-domain-owner,immutable-source:05a91f7f3c8f1c2c3d2d4d333d77d9f64892bc0d:test/unit/resolver/DotnsReverseResolver.t.sol,manifest:APPROVED,not-applicable:15,1,docs/evidence/p0-contract-native/architect-semantic-disposition-approval.json,96cd0595fbc89fcd847ee58dd8427aa59bd008c8639b8f82d9bf4d6095b3b5ae,none,forbidden-clean-genesis
dotns:test/unit/store/LabelStore.t.sol,https://github.com/paritytech/dotns.git,05a91f7f3c8f1c2c3d2d4d333d77d9f64892bc0d,test/unit/store/LabelStore.t.sol,d1a91fe7affcc62b11243572ba2ce7c1dd963f8127af01d9849c751c121fe51b,MIT,fixture,function:_freshLabelStore;function:test_caller_becoming_unregistered_rejects_subsequent_write;function:test_getLabels_caps_at_available;function:test_getLabels_returns_empty_when_offset_past_end;function:test_implementation_cannot_be_initialised_directly;function:test_initialize_binds_owner_and_registry;function:test_initialize_reverts_on_second_call;function:test_initialize_reverts_on_zero_registry;function:test_initialize_reverts_on_zero_user;function:test_storeLabel_reverts_on_second_write_same_labelhash;function:test_storeLabel_reverts_when_caller_not_registered;function:test_storeLabel_reverts_when_labelhash_zero;function:test_storeLabel_writes_locks_and_enumerates;state:LABELHASH_A;state:LABELHASH_B;state:LABEL_A;state:LABEL_B,"test/deployment fixture declarations: functions=13, events=0, errors=0",fixture path is evidence only; source deployment/test execution is not authoritative network state,not-applicable,Non-normative file-level summary; exact per-symbol disposition and native targets are defined by docs/sdk/contract-to-native-map.json.,none,normative per-symbol mapping: docs/sdk/contract-to-native-map.json,normative per-symbol mapping: docs/sdk/contract-to-native-map.json,normative per-symbol mapping: docs/sdk/contract-to-native-map.json,migration-domain-owner,immutable-source:05a91f7f3c8f1c2c3d2d4d333d77d9f64892bc0d:test/unit/store/LabelStore.t.sol,manifest:APPROVED,not-applicable:18,1,docs/evidence/p0-contract-native/architect-semantic-disposition-approval.json,96cd0595fbc89fcd847ee58dd8427aa59bd008c8639b8f82d9bf4d6095b3b5ae,none,forbidden-clean-genesis
dotns:test/unit/store/StoreFactory.t.sol,https://github.com/paritytech/dotns.git,05a91f7f3c8f1c2c3d2d4d333d77d9f64892bc0d,test/unit/store/StoreFactory.t.sol,9ee48d77101706b921485dce98182ec1b540ea2a6fbcfde537783f94a31cddac,MIT,fixture,function:test_beacon_owner_is_factory_for_both_beacons;function:test_claimUserStore_frontrun_is_harmless;function:test_claimUserStore_owner_is_caller;function:test_claimUserStore_reverts_on_double_claim;function:test_constructor_deploys_both_beacons_and_implementations;function:test_constructor_reverts_on_zero_registry;function:test_deployLabelStoreFor_reverts_for_unregistered_non_owner;function:test_deployLabelStoreFor_reverts_on_double_deploy;function:test_deployLabelStoreFor_reverts_on_zero_user;function:test_deployLabelStoreFor_succeeds_for_owner;function:test_deployLabelStoreFor_succeeds_for_registered_protocol;function:test_getLabelStores_enumerates_in_deployment_order;function:test_getUserStores_enumerates_in_claim_order;function:test_upgradeLabelStoreImplementation_propagates_to_live_proxies;function:test_upgradeLabelStoreImplementation_reverts_for_non_owner;function:test_upgradeLabelStoreImplementation_reverts_on_zero_impl;function:versionMarker,"test/deployment fixture declarations: functions=17, events=0, errors=0",fixture path is evidence only; source deployment/test execution is not authoritative network state,not-applicable,Non-normative file-level summary; exact per-symbol disposition and native targets are defined by docs/sdk/contract-to-native-map.json.,none,normative per-symbol mapping: docs/sdk/contract-to-native-map.json,normative per-symbol mapping: docs/sdk/contract-to-native-map.json,normative per-symbol mapping: docs/sdk/contract-to-native-map.json,migration-domain-owner,immutable-source:05a91f7f3c8f1c2c3d2d4d333d77d9f64892bc0d:test/unit/store/StoreFactory.t.sol,manifest:APPROVED,not-applicable:18,1,docs/evidence/p0-contract-native/architect-semantic-disposition-approval.json,96cd0595fbc89fcd847ee58dd8427aa59bd008c8639b8f82d9bf4d6095b3b5ae,none,forbidden-clean-genesis
dotns:test/unit/store/UserStore.t.sol,https://github.com/paritytech/dotns.git,05a91f7f3c8f1c2c3d2d4d333d77d9f64892bc0d,test/unit/store/UserStore.t.sol,1573645ec8a866b958fe29ab9b81732c68a7df17f6428fefbb3057b6ad14ee74,MIT,fixture,function:_freshUserStore;function:test_getHistory_pagination_bounds;function:test_getKeys_pagination;function:test_implementation_cannot_be_initialised_directly;function:test_initialize_binds_owner;function:test_initialize_reverts_on_second_call;function:test_initialize_reverts_on_zero_user;function:test_setValue_does_not_duplicate_key_list_entries;function:test_setValue_empty_bytes_after_nonempty_snapshots_prior_value;function:test_setValue_first_write_leaves_history_empty;function:test_setValue_fresh_key_with_empty_bytes_writes_no_history;function:test_setValue_reverts_for_non_owner;function:test_setValue_reverts_for_zero_key;function:test_setValue_second_write_snapshots_prev_into_history;state:KEY_A;state:KEY_B,"test/deployment fixture declarations: functions=14, events=0, errors=0",fixture path is evidence only; source deployment/test execution is not authoritative network state,not-applicable,Non-normative file-level summary; exact per-symbol disposition and native targets are defined by docs/sdk/contract-to-native-map.json.,none,normative per-symbol mapping: docs/sdk/contract-to-native-map.json,normative per-symbol mapping: docs/sdk/contract-to-native-map.json,normative per-symbol mapping: docs/sdk/contract-to-native-map.json,migration-domain-owner,immutable-source:05a91f7f3c8f1c2c3d2d4d333d77d9f64892bc0d:test/unit/store/UserStore.t.sol,manifest:APPROVED,not-applicable:17,1,docs/evidence/p0-contract-native/architect-semantic-disposition-approval.json,96cd0595fbc89fcd847ee58dd8427aa59bd008c8639b8f82d9bf4d6095b3b5ae,none,forbidden-clean-genesis
individuality-community:precompiles/personhood/sol/IPersonhood.sol,https://github.com/paritytech/individuality-community.git,28b7d07dab05bbd05f6b664278b5c83841e212d3,precompiles/personhood/sol/IPersonhood.sol,cabb6cf7c7d3eae6633673ee641d8910f0138367b2d74f0220d632a218a66e11,Apache-2.0,precompile-interface,field:PersonhoodInfo.contextAlias;field:PersonhoodInfo.status;field:ProofVerificationRequest.context;field:ProofVerificationRequest.expectedAlias;field:ProofVerificationRequest.expectedStatus;field:ProofVerificationRequest.message;field:ProofVerificationRequest.proof;field:ProofVerificationRequest.revision;field:ProofVerificationRequest.ringIndex;function:personhoodInfoByProof;function:personhoodStatus;struct:PersonhoodInfo;struct:ProofVerificationRequest,"no contract state variables declared; declarations functions=2, events=0, errors=0, structs=2, fields=9; no *_ROLE constant declared",source token evidence: none of the audited lifecycle/economic token groups,intentional-change,retain personhood semantics but remove the migrated-domain precompile ABI,Personhood,Personhood calls/runtime API/events/errors,personhood,personhood,identity-owner,immutable-source:28b7d07dab05bbd05f6b664278b5c83841e212d3:precompiles/personhood/sol/IPersonhood.sol,manifest:APPROVED,all:intentional-change,1,docs/evidence/p0-contract-native/architect-semantic-disposition-approval.json,96cd0595fbc89fcd847ee58dd8427aa59bd008c8639b8f82d9bf4d6095b3b5ae,none,forbidden-clean-genesis
localdot-community:packages/contracts/contracts/P2PMarket.sol,https://github.com/paritytech/localdot-community.git,79b7d9bc2aaf9e7ecbd60c7f6ddd31b76e8c0978,packages/contracts/contracts/P2PMarket.sol,27426976069c0875f3c75678c18e5ac42c6a54ff89634e3c606acffa0babedd5,GPL-3.0-only,contract,enum:OfferType;enum:TradeState;error:AgentAlreadyActive;error:AgentAlreadyOnOffer;error:AgentAlreadyRegistered;error:AgentHasActiveTrades;error:AgentNotActive;error:AgentNotRegistered;error:AlreadyCancelRequested;error:AlreadyConfirmed;error:CurrencyNotSupported;error:FlatFeeTooHigh;error:InsufficientInsurance;error:InvalidAmount;error:InvalidCounterparty;error:InvalidCurrency;error:InvalidEvidenceCID;error:InvalidHoldHours;error:InvalidMetadataCID;error:InvalidMinAmount;error:InvalidName;error:NoInsuranceToWithdraw;error:NotAgent;error:NotLocker;error:NotOfferOwner;error:NotTradeParticipant;error:OfferExpiredError;error:OfferNotExpired;error:OfferNotFound;error:OnlyAgentTrades;error:OnlyDirectTrades;error:ReentrancyGuard;error:TimeoutNotReached;error:TimeoutReached;error:TradeNotFound;error:TradeNotLocked;error:TradeNotReleased;error:TransferFailed;event:AgentDeactivated;event:AgentRegistered;event:AgentRemoved;event:AgentUpdated;event:CashReceived;event:EvidenceAttached;event:InsuranceStaked;event:InsuranceUnstaked;event:OfferAgentAdded;event:OfferCreated;event:OfferPruned;event:OfferRemoved;event:PickupConfirmed;event:TradeCancelRequested;event:TradeCancelled;event:TradeCompleted;event:TradeConfirmed;event:TradeLocked;event:TradeRefunded;event:TradeReleased;field:Agent.active;field:Agent.extraHourFee;field:Agent.flatFee;field:Agent.holdHours;field:Agent.metadataCID;field:Agent.name;field:Agent.registeredAt;field:Agent.stakedAmount;field:Agent.wallet;field:Offer.active;field:Offer.agentAddresses;field:Offer.amountAvailable;field:Offer.createdAt;field:Offer.fiatCurrency;field:Offer.flatFee;field:Offer.id;field:Offer.metadataCID;field:Offer.minAmount;field:Offer.offerType;field:Offer.owner;field:Offer.pricePerToken;field:Trade.agent;field:Trade.amount;field:Trade.counterparty;field:Trade.counterpartyCancelRequested;field:Trade.counterpartyConfirmed;field:Trade.evidenceCID;field:Trade.id;field:Trade.lockedAt;field:Trade.locker;field:Trade.lockerCancelRequested;field:Trade.lockerConfirmed;field:Trade.offerId;field:Trade.pickupDeadline;field:Trade.state;function:_deleteOffer;function:_reduceOfferAmount;function:_removeFromAddressArray;function:_removeFromUintArray;function:_requireNoActiveTrades;function:_sweepUserExpiredOffers;function:addAgentToOffer;function:confirmCashReceived;function:confirmPickup;function:confirmTrade;function:constructor;function:createOffer;function:deactivateAgent;function:getAgent;function:getAgentCount;function:getAllAgents;function:getAllOffers;function:getExpiredOfferIds;function:getOffer;function:getOfferCount;function:getOffersByAgent;function:getTrade;function:getTradeCount;function:getUserOffers;function:getUserTrades;function:isOfferExpired;function:lockTrade;function:pruneExpiredOffer;function:pruneExpiredOffers;function:reactivateAgent;function:refundTrade;function:registerAgent;function:removeAgent;function:removeOffer;function:requestCancel;function:setEvidenceCID;function:stakeInsurance;function:unstakeInsurance;function:updateAgent;modifier:noReentrant;state:CONFIRMATION_TIMEOUT;state:MAX_FLAT_FEE;state:MAX_HOLD_HOURS;state:MIN_HOLD_HOURS;state:OFFER_TTL;state:VERSION;state:_locked;state:agentIndex;state:agentList;state:agentOffers;state:agents;state:offerCounter;state:offers;state:tokenPricePerCurrency;state:tradeCounter;state:trades;state:userOffers;state:userTrades;struct:Agent;struct:Offer;struct:Trade,"declared contract state: CONFIRMATION_TIMEOUT, MAX_FLAT_FEE, MAX_HOLD_HOURS, MIN_HOLD_HOURS, OFFER_TTL, VERSION, _locked, agentIndex, agentList, agentOffers, agents, offerCounter, offers, tokenPricePerCurrency, tradeCounter, trades, userOffers, userTrades; declarations functions=39, events=20, errors=36, structs=3, fields=35; no *_ROLE constant declared","source token evidence: payable/value=msg.value,payable; fee/deposit/refund/rent=fee,refund; signature/nonce/deadline=deadline; time/expiry/revoke=timestamp; owner/role=owner",retired,public-token marketplace economics are outside the approved enterprise network,none,retired; no callable native surface,none,none,enterprise-product-owner,immutable-source:79b7d9bc2aaf9e7ecbd60c7f6ddd31b76e8c0978:packages/contracts/contracts/P2PMarket.sol,manifest:APPROVED,all:retired,1,docs/evidence/p0-contract-native/architect-semantic-disposition-approval.json,96cd0595fbc89fcd847ee58dd8427aa59bd008c8639b8f82d9bf4d6095b3b5ae,none,forbidden-clean-genesis
localdot-community:packages/contracts/contracts/ZKPassportRegistry.sol,https://github.com/paritytech/localdot-community.git,79b7d9bc2aaf9e7ecbd60c7f6ddd31b76e8c0978,packages/contracts/contracts/ZKPassportRegistry.sol,c44dbaee924565c5a895ac50a7cd55befbdf28f29c113b56136c8fe25f0e4413,GPL-3.0-only,contract,error:AlreadyVerified;error:InvalidUniqueIdHash;error:NotVerified;error:UniqueIdAlreadyUsed;event:AttestationRevoked;event:AttestationSubmitted;field:Attestation.countryCode;field:Attestation.uniqueIdHash;field:Attestation.verifiedAt;function:getAttestation;function:getWalletByUniqueId;function:isUniqueIdUsed;function:isVerified;function:revokeAttestation;function:submitAttestation;state:VERSION;state:attestations;state:uniqueIdToWallet;struct:Attestation,"permissionless submitAttestation lets caller write uniqueIdHash, verifiedAt and optional countryCode; reverse mapping links uniqueIdHash to wallet; no issuer/proof verifier is declared","revoke deletes both mappings and permits identifier reuse; reads expose verification, attestation, unique-ID use and reverse wallet lookup",retired,"retire permissionless self-attestation trust, reusable linkable identifier and on-chain country metadata; any future passport proof needs a new admitted privacy-reviewed design",none,retired; no callable native surface,none,none,identity-owner,immutable-source:79b7d9bc2aaf9e7ecbd60c7f6ddd31b76e8c0978:packages/contracts/contracts/ZKPassportRegistry.sol,manifest:APPROVED,all:retired,1,docs/evidence/p0-contract-native/architect-semantic-disposition-approval.json,96cd0595fbc89fcd847ee58dd8427aa59bd008c8639b8f82d9bf4d6095b3b5ae,none,forbidden-clean-genesis
